State/UTs_Code,District_Code,CD Block_Code,Town/Village_Code,Ward_Code,EB_Code,State/UTs_Name,District_Name,Level,Name,Total/Rural/Urban,No of Households,Total Population Person,Total Population Male,Total Population Female,Population in the age group 0-6 Person,Population in the age group 0-6 Male,Population in the age group 0-6 Female,Scheduled Castes population Person,Scheduled Castes population Male,Scheduled Castes population Female,Scheduled Tribes population Person,Scheduled Tribes population Male,Scheduled Tribes population Female,Literates Population Person,Literates Population Male,Literates Population Female,Illiterate Persons,Illiterate Male,Illiterate Female,Total Worker Population Person,Total Worker Population Male,Total Worker Population Female,Main Working Population Person,Main Working Population Male,Main Working Population Female,Main Cultivator Population Person,Main Cultivator Population Male,Main Cultivator Population Female,Main Agricultural Labourers Population Person,Main Agricultural Labourers Population Male,Main Agricultural Labourers Population Female,Main Household Industries Population Person,Main Household Industries Population Male,Main Household Industries Population Female,Main Other Workers Population Person,Main Other Workers Population Male,Main Other Workers Population Female,Marginal Worker Population Person,Marginal Worker Population Male,Marginal Worker Population Female,Marginal Cultivator Population Person,Marginal Cultivator Population Male,Marginal Cultivator Population Female,Marginal Agriculture Labourers Population Person,Marginal Agriculture Labourers Population Male,Marginal Agriculture Labourers Population Female,Marginal Household Industries Population Person,Marginal Household Industries Population Male,Marginal Household Industries Population Female,Marginal Other Workers Population Person,Marginal Other Workers Population Male,Marginal Other Workers Population Female,Marginal Worker Population 3_6 Person,Marginal Worker Population 3_6 Male,Marginal Worker Population 3_6 Female,Marginal Cultivator Population 3_6 Person,Marginal Cultivator Population 3_6 Male,Marginal Cultivator Population 3_6 Female,Marginal Agriculture Labourers Population 3_6 Person,Marginal Agriculture Labourers Population 3_6 Male,Marginal Agriculture Labourers Population 3_6 Female,Marginal Household Industries Population 3_6 Person,Marginal Household Industries Population 3_6 Male,Marginal Household Industries Population 3-6 Female,Marginal Other Workers Population Person 3_6 Person,Marginal Other Workers Population Person 3_6 Male,Marginal Other Workers Population Person 3_6 Female,Marginal Worker Population 0_3 Person,Marginal Worker Population 0_3 Male,Marginal Worker Population 0_3_Female,Marginal Cultivator Population 0_3 Person,Marginal Cultivator Population 0_3 Male,Marginal Cultivator Population 0_3_Female,Marginal Agriculture Labourers Population 0_3 Person,Marginal Agriculture Labourers Population 0_3 Male,Marginal Agriculture Labourers Population 0_3 Female,Marginal Household Industries Population 0_3 Person,Marginal Household Industries Population 0_3 Male,Marginal Household Industries Population 0_3 Female,Marginal Other Workers Population 0_3 Person,Marginal Other Workers Population 0_3 Male,Marginal Other Workers Population 0_3 Female,Non Working Population Person,Non Working Population Male,Non Working Population Female
29,569,0090,000000,0000,000000,KARNATAKA,Udupi,CD BLOCK,Kundapura ,Total,73301,368027,172746,195281,33649,17158,16491,21320,10450,10870,14357,7045,7312,270473,137009,133464,97554,35737,61817,154216,102115,52101,129560,91990,37570,22153,14429,7724,19350,10468,8882,1964,1214,750,86093,65879,20214,24656,10125,14531,3871,1179,2692,11290,3335,7955,513,175,338,8982,5436,3546,22135,9289,12846,3534,1078,2456,10073,3003,7070,457,153,304,8071,5055,3016,2521,836,1685,337,101,236,1217,332,885,56,22,34,911,381,530,213811,70631,143180
29,569,0090,000000,0000,000000,KARNATAKA,Udupi,CD BLOCK,Kundapura ,Rural,71170,357798,167859,189939,32689,16671,16018,21138,10354,10784,14265,7000,7265,262464,132982,129482,95334,34877,60457,150080,99212,50868,125702,89250,36452,21980,14316,7664,19048,10345,8703,1925,1195,730,82749,63394,19355,24378,9962,14416,3864,1178,2686,11268,3328,7940,507,171,336,8739,5285,3454,21874,9132,12742,3527,1077,2450,10054,2996,7058,451,149,302,7842,4910,2932,2504,830,1674,337,101,236,1214,332,882,56,22,34,897,375,522,207718,68647,139071
29,569,0090,000000,0000,000000,KARNATAKA,Udupi,CD BLOCK,Kundapura ,Urban,2131,10229,4887,5342,960,487,473,182,96,86,92,45,47,8009,4027,3982,2220,860,1360,4136,2903,1233,3858,2740,1118,173,113,60,302,123,179,39,19,20,3344,2485,859,278,163,115,7,1,6,22,7,15,6,4,2,243,151,92,261,157,104,7,1,6,19,7,12,6,4,2,229,145,84,17,6,11,0,0,0,3,0,3,0,0,0,14,6,8,6093,1984,4109
29,569,0090,608660,0000,000000,KARNATAKA,Udupi,VILLAGE,Shiroor,Rural,3066,17432,8623,8809,1846,973,873,444,220,224,22,13,9,13892,7296,6596,3540,1327,2213,5061,4439,622,4533,4129,404,125,82,43,96,63,33,75,63,12,4237,3921,316,528,310,218,23,8,15,129,20,109,17,3,14,359,279,80,473,291,182,18,7,11,121,20,101,14,3,11,320,261,59,55,19,36,5,1,4,8,0,8,3,0,3,39,18,21,12371,4184,8187
29,569,0090,608661,0000,000000,KARNATAKA,Udupi,VILLAGE,Yedthare,Rural,1865,9627,4704,4923,822,424,398,359,184,175,498,270,228,7583,3888,3695,2044,816,1228,3463,2595,868,2877,2320,557,463,420,43,417,213,204,40,30,10,1957,1657,300,586,275,311,45,17,28,266,66,200,4,3,1,271,189,82,533,258,275,42,16,26,242,62,180,3,2,1,246,178,68,53,17,36,3,1,2,24,4,20,1,1,0,25,11,14,6164,2109,4055
29,569,0090,608662,0000,000000,KARNATAKA,Udupi,VILLAGE,Paduvari,Rural,1305,6977,3371,3606,648,323,325,516,251,265,11,2,9,5212,2758,2454,1765,613,1152,3077,2067,1010,1975,1687,288,230,164,66,161,101,60,17,15,2,1567,1407,160,1102,380,722,142,31,111,609,163,446,16,4,12,335,182,153,923,330,593,122,26,96,511,135,376,13,3,10,277,166,111,179,50,129,20,5,15,98,28,70,3,1,2,58,16,42,3900,1304,2596
29,569,0090,608663,0000,000000,KARNATAKA,Udupi,VILLAGE,Uppunda,Rural,2167,11456,5557,5899,990,518,472,191,106,85,12,5,7,8437,4502,3935,3019,1055,1964,4239,3335,904,3503,3010,493,214,141,73,95,61,34,33,26,7,3161,2782,379,736,325,411,38,17,21,503,186,317,6,3,3,189,119,70,670,296,374,30,15,15,464,170,294,4,1,3,172,110,62,66,29,37,8,2,6,39,16,23,2,2,0,17,9,8,7217,2222,4995
29,569,0090,608664,0000,000000,KARNATAKA,Udupi,VILLAGE,Bijoor,Rural,1191,6975,3304,3671,583,299,284,193,95,98,49,25,24,5309,2741,2568,1666,563,1103,3125,1944,1181,2438,1637,801,498,282,216,703,300,403,25,23,2,1212,1032,180,687,307,380,30,20,10,387,116,271,9,2,7,261,169,92,618,273,345,26,17,9,375,111,264,7,2,5,210,143,67,69,34,35,4,3,1,12,5,7,2,0,2,51,26,25,3850,1360,2490
29,569,0090,608665,0000,000000,KARNATAKA,Udupi,VILLAGE,Nandanavana,Rural,173,1032,480,552,57,26,31,81,38,43,0,0,0,862,425,437,170,55,115,406,222,184,230,136,94,92,43,49,74,44,30,3,3,0,61,46,15,176,86,90,85,40,45,56,20,36,10,7,3,25,19,6,122,57,65,44,19,25,52,19,33,9,7,2,17,12,5,54,29,25,41,21,20,4,1,3,1,0,1,8,7,1,626,258,368
29,569,0090,608666,0000,000000,KARNATAKA,Udupi,VILLAGE,Kergal,Rural,602,3390,1446,1944,354,178,176,119,56,63,2,2,0,2382,1110,1272,1008,336,672,1257,815,442,1038,675,363,286,157,129,323,202,121,7,3,4,422,313,109,219,140,79,14,8,6,121,80,41,1,0,1,83,52,31,211,135,76,12,6,6,120,79,41,1,0,1,78,50,28,8,5,3,2,2,0,1,1,0,0,0,0,5,2,3,2133,631,1502
29,569,0090,608667,0000,000000,KARNATAKA,Udupi,VILLAGE,Kirimanjeshwar,Rural,1431,7454,3353,4101,708,351,357,314,155,159,7,1,6,5547,2721,2826,1907,632,1275,2643,1875,768,2327,1722,605,287,169,118,432,170,262,2,2,0,1606,1381,225,316,153,163,47,13,34,129,42,87,1,0,1,139,98,41,305,148,157,46,12,34,125,41,84,1,0,1,133,95,38,11,5,6,1,1,0,4,1,3,0,0,0,6,3,3,4811,1478,3333
29,569,0090,608668,0000,000000,KARNATAKA,Udupi,VILLAGE,Kambadakone,Rural,599,3806,1819,1987,341,169,172,240,112,128,16,10,6,2868,1476,1392,938,343,595,1638,1136,502,958,835,123,129,99,30,121,91,30,9,8,1,699,637,62,680,301,379,10,4,6,379,100,279,18,5,13,273,192,81,580,280,300,10,4,6,302,93,209,15,3,12,253,180,73,100,21,79,0,0,0,77,7,70,3,2,1,20,12,8,2168,683,1485
29,569,0090,608669,0000,000000,KARNATAKA,Udupi,VILLAGE,Ulloor [11],Rural,425,2274,992,1282,216,117,99,107,56,51,20,10,10,1576,755,821,698,237,461,981,568,413,618,417,201,182,116,66,23,11,12,0,0,0,413,290,123,363,151,212,50,13,37,272,112,160,0,0,0,41,26,15,347,149,198,35,11,24,271,112,159,0,0,0,41,26,15,16,2,14,15,2,13,1,0,1,0,0,0,0,0,0,1293,424,869
29,569,0090,608670,0000,000000,KARNATAKA,Udupi,VILLAGE,Navunda,Rural,1039,5749,2639,3110,562,282,280,45,20,25,29,13,16,4277,2146,2131,1472,493,979,1918,1421,497,1548,1242,306,214,116,98,152,93,59,23,18,5,1159,1015,144,370,179,191,22,10,12,231,70,161,7,3,4,110,96,14,300,127,173,21,10,11,198,50,148,5,1,4,76,66,10,70,52,18,1,0,1,33,20,13,2,2,0,34,30,4,3831,1218,2613
29,569,0090,608671,0000,000000,KARNATAKA,Udupi,VILLAGE,Badakere,Rural,327,1711,737,974,156,89,67,0,0,0,0,0,0,1195,575,620,516,162,354,532,376,156,468,340,128,109,66,43,51,23,28,15,15,0,293,236,57,64,36,28,18,10,8,21,8,13,4,1,3,21,17,4,54,34,20,13,10,3,20,8,12,2,0,2,19,16,3,10,2,8,5,0,5,1,0,1,2,1,1,2,1,1,1179,361,818
29,569,0090,608672,0000,000000,KARNATAKA,Udupi,VILLAGE,Maravanthe,Rural,926,5265,2576,2689,490,252,238,168,81,87,40,14,26,3952,2099,1853,1313,477,836,1805,1555,250,1584,1417,167,105,74,31,96,63,33,5,5,0,1378,1275,103,221,138,83,18,3,15,87,32,55,6,5,1,110,98,12,206,136,70,11,3,8,80,31,49,6,5,1,109,97,12,15,2,13,7,0,7,7,1,6,0,0,0,1,1,0,3460,1021,2439
29,569,0090,608673,0000,000000,KARNATAKA,Udupi,VILLAGE,Hadavu,Rural,243,1158,448,710,81,41,40,4,1,3,0,0,0,875,372,503,283,76,207,415,212,203,303,163,140,64,49,15,167,63,104,6,0,6,66,51,15,112,49,63,5,3,2,14,4,10,1,1,0,92,41,51,62,33,29,5,3,2,5,0,5,1,1,0,51,29,22,50,16,34,0,0,0,9,4,5,0,0,0,41,12,29,743,236,507
29,569,0090,608674,0000,000000,KARNATAKA,Udupi,VILLAGE,Nada,Rural,990,4516,1941,2575,366,189,177,370,168,202,139,65,74,3150,1486,1664,1366,455,911,2043,1041,1002,1321,818,503,267,155,112,345,146,199,64,34,30,645,483,162,722,223,499,356,33,323,255,113,142,27,17,10,84,60,24,646,178,468,338,27,311,213,87,126,27,17,10,68,47,21,76,45,31,18,6,12,42,26,16,0,0,0,16,13,3,2473,900,1573
29,569,0090,608675,0000,000000,KARNATAKA,Udupi,VILLAGE,Heroor,Rural,529,2588,1080,1508,245,138,107,50,21,29,308,155,153,1689,769,920,899,311,588,1215,555,660,421,279,142,122,77,45,19,13,6,6,5,1,274,184,90,794,276,518,465,185,280,237,45,192,4,4,0,88,42,46,774,270,504,450,179,271,233,45,188,4,4,0,87,42,45,20,6,14,15,6,9,4,0,4,0,0,0,1,0,1,1373,525,848
29,569,0090,608676,0000,000000,KARNATAKA,Udupi,VILLAGE,Kalthodu,Rural,974,5172,2352,2820,539,270,269,169,78,91,396,183,213,3443,1750,1693,1729,602,1127,2695,1465,1230,1891,1248,643,762,449,313,273,139,134,68,46,22,788,614,174,804,217,587,292,85,207,340,49,291,24,4,20,148,79,69,728,214,514,279,84,195,284,47,237,24,4,20,141,79,62,76,3,73,13,1,12,56,2,54,0,0,0,7,0,7,2477,887,1590
29,569,0090,608677,0000,000000,KARNATAKA,Udupi,VILLAGE,Heranjal,Rural,330,1688,770,918,160,86,74,138,73,65,6,3,3,1249,610,639,439,160,279,741,425,316,610,330,280,216,131,85,123,47,76,2,1,1,269,151,118,131,95,36,16,3,13,29,19,10,28,23,5,58,50,8,119,85,34,16,3,13,27,18,9,27,23,4,49,41,8,12,10,2,0,0,0,2,1,1,1,0,1,9,9,0,947,345,602
29,569,0090,608678,0000,000000,KARNATAKA,Udupi,VILLAGE,Thagarasi,Rural,611,3108,1392,1716,308,141,167,199,94,105,222,104,118,2213,1087,1126,895,305,590,1072,796,276,989,727,262,212,191,21,369,246,123,2,1,1,406,289,117,83,69,14,6,5,1,67,56,11,0,0,0,10,8,2,76,65,11,6,5,1,60,52,8,0,0,0,10,8,2,7,4,3,0,0,0,7,4,3,0,0,0,0,0,0,2036,596,1440
29,569,0090,608679,0000,000000,KARNATAKA,Udupi,VILLAGE,Byndoor,Rural,1170,5245,2495,2750,484,252,232,182,89,93,516,252,264,3929,2002,1927,1316,493,823,2048,1419,629,1692,1347,345,466,368,98,438,302,136,4,3,1,784,674,110,356,72,284,4,4,0,260,18,242,0,0,0,92,50,42,303,65,238,4,4,0,221,16,205,0,0,0,78,45,33,53,7,46,0,0,0,39,2,37,0,0,0,14,5,9,3197,1076,2121
29,569,0090,608680,0000,000000,KARNATAKA,Udupi,VILLAGE,Yeljith,Rural,457,2539,1176,1363,265,138,127,29,14,15,718,340,378,1687,855,832,852,321,531,1287,687,600,754,467,287,286,181,105,198,99,99,29,25,4,241,162,79,533,220,313,227,96,131,96,17,79,3,1,2,207,106,101,425,208,217,214,89,125,22,15,7,3,1,2,186,103,83,108,12,96,13,7,6,74,2,72,0,0,0,21,3,18,1252,489,763
29,569,0090,608681,0000,000000,KARNATAKA,Udupi,VILLAGE,Kollur,Rural,757,3265,1664,1601,344,187,157,152,76,76,525,253,272,2455,1311,1144,810,353,457,1503,1012,491,1301,941,360,209,135,74,143,88,55,31,9,22,918,709,209,202,71,131,20,12,8,90,15,75,2,2,0,90,42,48,151,65,86,19,12,7,59,13,46,2,2,0,71,38,33,51,6,45,1,0,1,31,2,29,0,0,0,19,4,15,1762,652,1110
29,569,0090,608682,0000,000000,KARNATAKA,Udupi,VILLAGE,Golihole,Rural,678,3479,1561,1918,303,150,153,21,10,11,869,419,450,2448,1179,1269,1031,382,649,1657,918,739,1276,824,452,731,446,285,180,129,51,5,4,1,360,245,115,381,94,287,51,18,33,271,45,226,2,0,2,57,31,26,283,66,217,45,15,30,208,37,171,2,0,2,28,14,14,98,28,70,6,3,3,63,8,55,0,0,0,29,17,12,1822,643,1179
29,569,0090,608683,0000,000000,KARNATAKA,Udupi,VILLAGE,Jadkal,Rural,855,3834,1834,2000,403,228,175,101,52,49,876,438,438,2683,1352,1331,1151,482,669,1682,1143,539,1297,940,357,183,135,48,76,61,15,12,6,6,1026,738,288,385,203,182,74,49,25,178,84,94,8,3,5,125,67,58,313,174,139,63,48,15,145,67,78,6,3,3,99,56,43,72,29,43,11,1,10,33,17,16,2,0,2,26,11,15,2152,691,1461
29,569,0090,608684,0000,000000,KARNATAKA,Udupi,VILLAGE,Mudoor,Rural,694,2973,1519,1454,275,130,145,176,89,87,436,229,207,2157,1163,994,816,356,460,1366,995,371,1259,975,284,140,129,11,67,47,20,5,5,0,1047,794,253,107,20,87,4,1,3,9,2,7,0,0,0,94,17,77,102,19,83,4,1,3,9,2,7,0,0,0,89,16,73,5,1,4,0,0,0,0,0,0,0,0,0,5,1,4,1607,524,1083
29,569,0090,608685,0000,000000,KARNATAKA,Udupi,VILLAGE,Hallihole,Rural,495,2328,1103,1225,205,83,122,384,181,203,461,224,237,1548,816,732,780,287,493,1182,718,464,1147,703,444,119,82,37,151,97,54,7,4,3,870,520,350,35,15,20,5,1,4,7,2,5,0,0,0,23,12,11,25,11,14,5,1,4,5,1,4,0,0,0,15,9,6,10,4,6,0,0,0,2,1,1,0,0,0,8,3,5,1146,385,761
29,569,0090,608686,0000,000000,KARNATAKA,Udupi,VILLAGE,Trashi,Rural,698,3140,1403,1737,232,122,110,442,205,237,5,2,3,2455,1159,1296,685,244,441,1107,789,318,1098,786,312,122,78,44,154,67,87,24,22,2,798,619,179,9,3,6,3,1,2,1,0,1,0,0,0,5,2,3,8,3,5,3,1,2,1,0,1,0,0,0,4,2,2,1,0,1,0,0,0,0,0,0,0,0,0,1,0,1,2033,614,1419
29,569,0090,608687,0000,000000,KARNATAKA,Udupi,VILLAGE,Hosadu,Rural,689,3261,1526,1735,197,104,93,263,130,133,53,28,25,2471,1269,1202,790,257,533,1219,940,279,1199,926,273,126,82,44,83,27,56,46,25,21,944,792,152,20,14,6,3,3,0,5,0,5,0,0,0,12,11,1,20,14,6,3,3,0,5,0,5,0,0,0,12,11,1,0,0,0,0,0,0,0,0,0,0,0,0,0,0,0,2042,586,1456
29,569,0090,608688,0000,000000,KARNATAKA,Udupi,VILLAGE,Gujjadi,Rural,1178,6042,2937,3105,475,248,227,642,331,311,12,6,6,4744,2447,2297,1298,490,808,2474,1853,621,1773,1389,384,153,93,60,65,37,28,94,35,59,1461,1224,237,701,464,237,9,7,2,279,121,158,19,9,10,394,327,67,679,450,229,5,3,2,278,121,157,17,9,8,379,317,62,22,14,8,4,4,0,1,0,1,2,0,2,15,10,5,3568,1084,2484
29,569,0090,608689,0000,000000,KARNATAKA,Udupi,VILLAGE,Gangolli,Rural,2546,13014,6327,6687,1234,596,638,774,380,394,36,12,24,10406,5348,5058,2608,979,1629,4420,3543,877,3916,3209,707,103,66,37,41,29,12,52,25,27,3720,3089,631,504,334,170,23,9,14,15,4,11,6,1,5,460,320,140,468,316,152,21,7,14,15,4,11,6,1,5,426,304,122,36,18,18,2,2,0,0,0,0,0,0,0,34,16,18,8594,2784,5810
29,569,0090,608690,0000,000000,KARNATAKA,Udupi,VILLAGE,Uppinakudru,Rural,505,2336,1049,1287,207,100,107,275,120,155,0,0,0,1771,864,907,565,185,380,968,654,314,950,645,305,148,112,36,232,74,158,3,2,1,567,457,110,18,9,9,3,1,2,1,0,1,0,0,0,14,8,6,18,9,9,3,1,2,1,0,1,0,0,0,14,8,6,0,0,0,0,0,0,0,0,0,0,0,0,0,0,0,1368,395,973
29,569,0090,608691,0000,000000,KARNATAKA,Udupi,VILLAGE,Tallur,Rural,818,3801,1755,2046,364,189,175,459,223,236,123,63,60,2820,1369,1451,981,386,595,1469,1008,461,1373,960,413,135,84,51,144,74,70,39,22,17,1055,780,275,96,48,48,9,3,6,26,7,19,2,0,2,59,38,21,86,42,44,6,2,4,25,7,18,2,0,2,53,33,20,10,6,4,3,1,2,1,0,1,0,0,0,6,5,1,2332,747,1585
29,569,0090,608692,0000,000000,KARNATAKA,Udupi,VILLAGE,Hattiangadi,Rural,338,1897,901,996,170,74,96,254,127,127,0,0,0,1378,731,647,519,170,349,850,588,262,629,470,159,80,40,40,63,23,40,12,10,2,474,397,77,221,118,103,17,11,6,146,58,88,7,6,1,51,43,8,193,100,93,15,10,5,123,44,79,7,6,1,48,40,8,28,18,10,2,1,1,23,14,9,0,0,0,3,3,0,1047,313,734
29,569,0090,608693,0000,000000,KARNATAKA,Udupi,VILLAGE,Kanyana,Rural,409,2182,1039,1143,180,83,97,321,160,161,67,33,34,1589,813,776,593,226,367,774,534,240,696,471,225,59,53,6,169,68,101,7,6,1,461,344,117,78,63,15,2,1,1,55,48,7,3,1,2,18,13,5,75,63,12,2,1,1,53,48,5,3,1,2,17,13,4,3,0,3,0,0,0,2,0,2,0,0,0,1,0,1,1408,505,903
29,569,0090,608694,0000,000000,KARNATAKA,Udupi,VILLAGE,Kattabelthoor,Rural,669,3170,1460,1710,273,145,128,261,142,119,47,25,22,2300,1133,1167,870,327,543,1054,765,289,1015,743,272,100,75,25,210,107,103,20,14,6,685,547,138,39,22,17,3,2,1,17,10,7,3,0,3,16,10,6,34,21,13,2,1,1,17,10,7,0,0,0,15,10,5,5,1,4,1,1,0,0,0,0,3,0,3,1,0,1,2116,695,1421
29,569,0090,608695,0000,000000,KARNATAKA,Udupi,VILLAGE,Hemmadi,Rural,800,4293,1960,2333,345,188,157,164,88,76,34,17,17,3266,1615,1651,1027,345,682,1652,1125,527,1329,935,394,230,136,94,130,75,55,8,4,4,961,720,241,323,190,133,31,12,19,130,61,69,4,2,2,158,115,43,294,172,122,31,12,19,122,58,64,3,2,1,138,100,38,29,18,11,0,0,0,8,3,5,1,0,1,20,15,5,2641,835,1806
29,569,0090,608696,0000,000000,KARNATAKA,Udupi,VILLAGE,Hakladi,Rural,579,2883,1172,1711,234,111,123,221,114,107,38,15,23,1943,904,1039,940,268,672,1189,666,523,1050,604,446,263,129,134,208,84,124,3,1,2,576,390,186,139,62,77,3,1,2,20,9,11,0,0,0,116,52,64,137,62,75,3,1,2,19,9,10,0,0,0,115,52,63,2,0,2,0,0,0,1,0,1,0,0,0,1,0,1,1694,506,1188
29,569,0090,608697,0000,000000,KARNATAKA,Udupi,VILLAGE,Senapur,Rural,539,2572,1168,1404,214,103,111,215,99,116,31,14,17,1898,963,935,674,205,469,1191,739,452,1010,687,323,270,148,122,73,35,38,11,8,3,656,496,160,181,52,129,5,1,4,163,45,118,2,0,2,11,6,5,151,49,102,5,1,4,135,42,93,1,0,1,10,6,4,30,3,27,0,0,0,28,3,25,1,0,1,1,0,1,1381,429,952
29,569,0090,608698,0000,000000,KARNATAKA,Udupi,VILLAGE,Harkoor,Rural,386,2008,883,1125,186,93,93,215,109,106,30,9,21,1343,638,705,665,245,420,826,529,297,629,463,166,160,100,60,129,94,35,7,5,2,333,264,69,197,66,131,1,0,1,181,57,124,0,0,0,15,9,6,197,66,131,1,0,1,181,57,124,0,0,0,15,9,6,0,0,0,0,0,0,0,0,0,0,0,0,0,0,0,1182,354,828
29,569,0090,608699,0000,000000,KARNATAKA,Udupi,VILLAGE,Kundabarandadi,Rural,304,1570,667,903,141,72,69,109,51,58,14,7,7,1113,522,591,457,145,312,814,405,409,675,380,295,248,135,113,116,34,82,2,1,1,309,210,99,139,25,114,32,8,24,98,13,85,0,0,0,9,4,5,138,25,113,32,8,24,98,13,85,0,0,0,8,4,4,1,0,1,0,0,0,0,0,0,0,0,0,1,0,1,756,262,494
29,569,0090,608700,0000,000000,KARNATAKA,Udupi,VILLAGE,Noojadi,Rural,359,1842,791,1051,172,90,82,110,56,54,68,35,33,1191,562,629,651,229,422,816,467,349,438,304,134,90,62,28,24,12,12,17,16,1,307,214,93,378,163,215,71,27,44,109,25,84,9,5,4,189,106,83,366,160,206,69,26,43,103,25,78,9,5,4,185,104,81,12,3,9,2,1,1,6,0,6,0,0,0,4,2,2,1026,324,702
29,569,0090,608701,0000,000000,KARNATAKA,Udupi,VILLAGE,Devalkunda,Rural,358,1766,772,994,129,62,67,159,76,83,1,1,0,1363,629,734,403,143,260,605,438,167,295,242,53,65,58,7,55,39,16,0,0,0,175,145,30,310,196,114,8,5,3,169,99,70,1,1,0,132,91,41,309,196,113,8,5,3,169,99,70,1,1,0,131,91,40,1,0,1,0,0,0,0,0,0,0,0,0,1,0,1,1161,334,827
29,569,0090,608702,0000,000000,KARNATAKA,Udupi,VILLAGE,Kenchanoor,Rural,262,1324,590,734,141,63,78,88,45,43,29,16,13,883,433,450,441,157,284,444,327,117,363,275,88,38,37,1,41,26,15,3,2,1,281,210,71,81,52,29,6,5,1,30,13,17,0,0,0,45,34,11,79,52,27,6,5,1,30,13,17,0,0,0,43,34,9,2,0,2,0,0,0,0,0,0,0,0,0,2,0,2,880,263,617
29,569,0090,608703,0000,000000,KARNATAKA,Udupi,VILLAGE,Gulvadi,Rural,875,4840,2314,2526,498,263,235,494,238,256,10,5,5,3508,1792,1716,1332,522,810,1888,1364,524,1713,1287,426,116,79,37,52,31,21,2,2,0,1543,1175,368,175,77,98,22,4,18,62,18,44,6,6,0,85,49,36,168,76,92,21,4,17,58,18,40,6,6,0,83,48,35,7,1,6,1,0,1,4,0,4,0,0,0,2,1,1,2952,950,2002
29,569,0090,608704,0000,000000,KARNATAKA,Udupi,VILLAGE,Karkunje,Rural,841,4361,2129,2232,431,238,193,106,54,52,57,28,29,3145,1640,1505,1216,489,727,1886,1292,594,1631,1230,401,226,202,24,4,2,2,3,1,2,1398,1025,373,255,62,193,65,13,52,14,3,11,3,0,3,173,46,127,223,61,162,41,12,29,9,3,6,3,0,3,170,46,124,32,1,31,24,1,23,5,0,5,0,0,0,3,0,3,2475,837,1638
29,569,0090,608705,0000,000000,KARNATAKA,Udupi,VILLAGE,Vandse,Rural,566,2751,1285,1466,243,120,123,77,41,36,41,19,22,1963,999,964,788,286,502,1167,757,410,1059,729,330,138,87,51,106,52,54,12,6,6,803,584,219,108,28,80,22,5,17,20,6,14,0,0,0,66,17,49,90,26,64,20,5,15,18,6,12,0,0,0,52,15,37,18,2,16,2,0,2,2,0,2,0,0,0,14,2,12,1584,528,1056
29,569,0090,608706,0000,000000,KARNATAKA,Udupi,VILLAGE,Aloor,Rural,707,3584,1490,2094,343,165,178,159,64,95,25,13,12,2293,1033,1260,1291,457,834,1608,888,720,1443,870,573,494,281,213,128,63,65,46,43,3,775,483,292,165,18,147,85,6,79,25,5,20,1,0,1,54,7,47,161,18,143,82,6,76,25,5,20,1,0,1,53,7,46,4,0,4,3,0,3,0,0,0,0,0,0,1,0,1,1976,602,1374
29,569,0090,608707,0000,000000,KARNATAKA,Udupi,VILLAGE,Idurkunhadi,Rural,418,2142,947,1195,241,120,121,114,56,58,13,4,9,1484,706,778,658,241,417,1038,528,510,984,517,467,361,163,198,236,117,119,1,1,0,386,236,150,54,11,43,21,5,16,13,0,13,3,0,3,17,6,11,51,11,40,21,5,16,13,0,13,1,0,1,16,6,10,3,0,3,0,0,0,0,0,0,2,0,2,1,0,1,1104,419,685
29,569,0090,608708,0000,000000,KARNATAKA,Udupi,VILLAGE,Chittoor,Rural,563,2917,1325,1592,299,164,135,146,69,77,257,117,140,1884,938,946,1033,387,646,1293,783,510,1243,764,479,386,212,174,411,213,198,16,15,1,430,324,106,50,19,31,6,3,3,25,9,16,0,0,0,19,7,12,50,19,31,6,3,3,25,9,16,0,0,0,19,7,12,0,0,0,0,0,0,0,0,0,0,0,0,0,0,0,1624,542,1082
29,569,0090,608709,0000,000000,KARNATAKA,Udupi,VILLAGE,Hosoor,Rural,453,2360,1006,1354,225,89,136,119,49,70,188,89,99,1511,749,762,849,257,592,1373,644,729,1164,623,541,378,226,152,391,98,293,2,0,2,393,299,94,209,21,188,115,6,109,60,3,57,0,0,0,34,12,22,204,21,183,112,6,106,60,3,57,0,0,0,32,12,20,5,0,5,3,0,3,0,0,0,0,0,0,2,0,2,987,362,625
29,569,0090,608710,0000,000000,KARNATAKA,Udupi,VILLAGE,Keradi,Rural,512,2574,1244,1330,247,117,130,190,94,96,388,188,200,1670,913,757,904,331,573,1619,838,781,991,715,276,479,368,111,299,211,88,8,8,0,205,128,77,628,123,505,443,76,367,150,38,112,1,1,0,34,8,26,627,123,504,443,76,367,149,38,111,1,1,0,34,8,26,1,0,1,0,0,0,1,0,1,0,0,0,0,0,0,955,406,549
29,569,0090,608711,0000,000000,KARNATAKA,Udupi,VILLAGE,Bellal,Rural,552,2780,1242,1538,289,146,143,124,62,62,164,86,78,1779,875,904,1001,367,634,1774,809,965,1346,737,609,416,218,198,206,73,133,20,9,11,704,437,267,428,72,356,79,14,65,320,50,270,6,2,4,23,6,17,349,59,290,59,11,48,264,42,222,5,1,4,21,5,16,79,13,66,20,3,17,56,8,48,1,1,0,2,1,1,1006,433,573
29,569,0090,608712,0000,000000,KARNATAKA,Udupi,VILLAGE,Kodladi,Rural,384,1962,898,1064,178,84,94,70,41,29,378,187,191,1293,653,640,669,245,424,893,534,359,641,470,171,182,130,52,79,48,31,20,20,0,360,272,88,252,64,188,54,9,45,34,12,22,8,5,3,156,38,118,252,64,188,54,9,45,34,12,22,8,5,3,156,38,118,0,0,0,0,0,0,0,0,0,0,0,0,0,0,0,1069,364,705
29,569,0090,608713,0000,000000,KARNATAKA,Udupi,VILLAGE,Kavrady,Rural,999,5224,2453,2771,537,284,253,297,153,144,75,34,41,4079,2021,2058,1145,432,713,1984,1275,709,1880,1225,655,334,173,161,204,94,110,129,65,64,1213,893,320,104,50,54,32,5,27,12,4,8,0,0,0,60,41,19,91,44,47,28,5,23,10,2,8,0,0,0,53,37,16,13,6,7,4,0,4,2,2,0,0,0,0,7,4,3,3240,1178,2062
29,569,0090,608714,0000,000000,KARNATAKA,Udupi,VILLAGE,Halnad,Rural,238,1112,507,605,88,47,41,196,100,96,9,6,3,802,406,396,310,101,209,574,315,259,514,307,207,109,53,56,98,32,66,2,1,1,305,221,84,60,8,52,49,4,45,4,1,3,0,0,0,7,3,4,52,6,46,42,3,39,3,0,3,0,0,0,7,3,4,8,2,6,7,1,6,1,1,0,0,0,0,0,0,0,538,192,346
29,569,0090,608715,0000,000000,KARNATAKA,Udupi,VILLAGE,Ampar,Rural,1051,4943,2331,2612,424,226,198,509,270,239,174,85,89,3568,1832,1736,1375,499,876,2086,1392,694,1921,1344,577,440,333,107,394,259,135,16,15,1,1071,737,334,165,48,117,14,1,13,90,8,82,4,2,2,57,37,20,163,48,115,12,1,11,90,8,82,4,2,2,57,37,20,2,0,2,2,0,2,0,0,0,0,0,0,0,0,0,2857,939,1918
29,569,0090,608716,0000,000000,KARNATAKA,Udupi,VILLAGE,Shankaranarayana,Rural,1026,5144,2386,2758,409,210,199,303,151,152,500,252,248,3926,1926,2000,1218,460,758,2899,1492,1407,2651,1456,1195,587,319,268,778,361,417,22,13,9,1264,763,501,248,36,212,46,12,34,165,11,154,1,0,1,36,13,23,209,22,187,34,5,29,144,6,138,1,0,1,30,11,19,39,14,25,12,7,5,21,5,16,0,0,0,6,2,4,2245,894,1351
29,569,0090,608717,0000,000000,KARNATAKA,Udupi,VILLAGE,Siddapur,Rural,1450,7401,3698,3703,674,339,335,529,260,269,405,199,206,5539,2947,2592,1862,751,1111,3149,2352,797,2931,2212,719,446,329,117,448,369,79,28,18,10,2009,1496,513,218,140,78,18,10,8,52,35,17,1,1,0,147,94,53,203,136,67,18,10,8,48,34,14,0,0,0,137,92,45,15,4,11,0,0,0,4,1,3,1,1,0,10,2,8,4252,1346,2906
29,569,0090,608718,0000,000000,KARNATAKA,Udupi,VILLAGE,Ajri,Rural,806,4017,1856,2161,400,213,187,241,113,128,106,60,46,2620,1318,1302,1397,538,859,1921,1110,811,1667,1077,590,337,237,100,120,80,40,5,4,1,1205,756,449,254,33,221,11,0,11,65,9,56,2,0,2,176,24,152,252,32,220,11,0,11,65,9,56,2,0,2,174,23,151,2,1,1,0,0,0,0,0,0,0,0,0,2,1,1,2096,746,1350
29,569,0090,608719,0000,000000,KARNATAKA,Udupi,VILLAGE,Kamalashile,Rural,276,1410,679,731,127,58,69,80,39,41,327,171,156,956,503,453,454,176,278,677,460,217,591,411,180,121,91,30,66,42,24,20,6,14,384,272,112,86,49,37,0,0,0,45,21,24,2,2,0,39,26,13,83,48,35,0,0,0,45,21,24,2,2,0,36,25,11,3,1,2,0,0,0,0,0,0,0,0,0,3,1,2,733,219,514
29,569,0090,608720,0000,000000,KARNATAKA,Udupi,VILLAGE,Edmoge,Rural,426,2120,1066,1054,218,102,116,242,111,131,556,280,276,1350,759,591,770,307,463,948,719,229,812,623,189,193,180,13,193,126,67,13,10,3,413,307,106,136,96,40,4,2,2,57,40,17,3,3,0,72,51,21,124,89,35,3,2,1,51,36,15,3,3,0,67,48,19,12,7,5,1,0,1,6,4,2,0,0,0,5,3,2,1172,347,825
29,569,0090,608721,0000,000000,KARNATAKA,Udupi,VILLAGE,Hosangadi,Rural,1131,4872,2384,2488,410,198,212,356,173,183,687,328,359,3698,1960,1738,1174,424,750,2110,1511,599,1838,1436,402,345,276,69,249,194,55,48,5,43,1196,961,235,272,75,197,3,0,3,204,33,171,6,1,5,59,41,18,229,45,184,2,0,2,179,14,165,4,0,4,44,31,13,43,30,13,1,0,1,25,19,6,2,1,1,15,10,5,2762,873,1889
29,569,0090,608722,0000,000000,KARNATAKA,Udupi,VILLAGE,Machattu,Rural,532,2616,1211,1405,236,106,130,50,25,25,141,67,74,1789,912,877,827,299,528,1546,806,740,1260,702,558,253,157,96,367,184,183,8,3,5,632,358,274,286,104,182,13,8,5,137,20,117,11,3,8,125,73,52,246,77,169,13,8,5,134,17,117,5,0,5,94,52,42,40,27,13,0,0,0,3,3,0,6,3,3,31,21,10,1070,405,665
29,569,0090,608723,0000,000000,KARNATAKA,Udupi,VILLAGE,Ulloor  74,Rural,693,3346,1588,1758,287,152,135,168,78,90,182,83,99,2405,1223,1182,941,365,576,2003,1083,920,1656,980,676,445,284,161,562,246,316,5,4,1,644,446,198,347,103,244,2,2,0,19,7,12,90,0,90,236,94,142,330,102,228,2,2,0,18,7,11,90,0,90,220,93,127,17,1,16,0,0,0,1,0,1,0,0,0,16,1,15,1343,505,838
29,569,0090,608724,0000,000000,KARNATAKA,Udupi,VILLAGE,Kulanje,Rural,411,1987,911,1076,176,100,76,43,21,22,505,247,258,1345,662,683,642,249,393,1301,627,674,935,521,414,291,169,122,181,101,80,3,3,0,460,248,212,366,106,260,5,3,2,347,95,252,0,0,0,14,8,6,268,56,212,3,1,2,251,47,204,0,0,0,14,8,6,98,50,48,2,2,0,96,48,48,0,0,0,0,0,0,686,284,402
29,569,0090,608725,0000,000000,KARNATAKA,Udupi,VILLAGE,Hangaloor,Rural,995,4547,2144,2403,469,225,244,152,80,72,10,4,6,3593,1773,1820,954,371,583,1616,1257,359,1419,1144,275,99,62,37,61,32,29,37,30,7,1222,1020,202,197,113,84,26,11,15,91,33,58,2,2,0,78,67,11,186,111,75,25,11,14,86,32,54,2,2,0,73,66,7,11,2,9,1,0,1,5,1,4,0,0,0,5,1,4,2931,887,2044
29,569,0090,608726,0000,000000,KARNATAKA,Udupi,VILLAGE,Koni,Rural,746,3760,1787,1973,331,167,164,252,115,137,0,0,0,2900,1481,1419,860,306,554,1487,1082,405,1198,909,289,82,58,24,194,108,86,6,4,2,916,739,177,289,173,116,40,22,18,157,90,67,4,4,0,88,57,31,223,145,78,30,19,11,104,65,39,4,4,0,85,57,28,66,28,38,10,3,7,53,25,28,0,0,0,3,0,3,2273,705,1568
29,569,0090,608727,0000,000000,KARNATAKA,Udupi,VILLAGE,Beejadi,Rural,1267,6275,2976,3299,553,288,265,236,121,115,12,7,5,4787,2474,2313,1488,502,986,2585,1761,824,2227,1635,592,119,78,41,218,89,129,41,21,20,1849,1447,402,358,126,232,25,9,16,254,65,189,1,0,1,78,52,26,322,117,205,21,7,14,238,64,174,1,0,1,62,46,16,36,9,27,4,2,2,16,1,15,0,0,0,16,6,10,3690,1215,2475
29,569,0090,608728,0000,000000,KARNATAKA,Udupi,VILLAGE,Gopadi,Rural,718,3332,1566,1766,293,138,155,279,145,134,69,33,36,2562,1290,1272,770,276,494,1271,928,343,1121,840,281,54,26,28,79,31,48,24,17,7,964,766,198,150,88,62,26,21,5,36,19,17,5,0,5,83,48,35,131,83,48,26,21,5,26,17,9,5,0,5,74,45,29,19,5,14,0,0,0,10,2,8,0,0,0,9,3,6,2061,638,1423
29,569,0090,608729,0000,000000,KARNATAKA,Udupi,VILLAGE,Vakwadi,Rural,549,2763,1294,1469,215,106,109,184,89,95,52,25,27,2081,1053,1028,682,241,441,1105,775,330,983,712,271,159,117,42,77,47,30,16,6,10,731,542,189,122,63,59,1,0,1,67,34,33,6,3,3,48,26,22,105,54,51,1,0,1,60,30,30,3,0,3,41,24,17,17,9,8,0,0,0,7,4,3,3,3,0,7,2,5,1658,519,1139
29,569,0090,608730,0000,000000,KARNATAKA,Udupi,VILLAGE,Thekkatte,Rural,1067,5590,2705,2885,520,267,253,237,112,125,7,4,3,4253,2211,2042,1337,494,843,2717,1644,1073,2140,1521,619,286,148,138,332,125,207,48,25,23,1474,1223,251,577,123,454,5,3,2,438,34,404,4,0,4,130,86,44,575,122,453,5,3,2,436,33,403,4,0,4,130,86,44,2,1,1,0,0,0,2,1,1,0,0,0,0,0,0,2873,1061,1812
29,569,0090,608731,0000,000000,KARNATAKA,Udupi,VILLAGE,Ulthoor,Rural,395,1798,783,1015,150,80,70,130,63,67,6,2,4,1314,612,702,484,171,313,723,447,276,580,410,170,123,66,57,14,9,5,24,18,6,419,317,102,143,37,106,30,6,24,87,18,69,1,0,1,25,13,12,130,34,96,29,6,23,75,15,60,1,0,1,25,13,12,13,3,10,1,0,1,12,3,9,0,0,0,0,0,0,1075,336,739
29,569,0090,608732,0000,000000,KARNATAKA,Udupi,VILLAGE,Beloor,Rural,708,3340,1523,1817,254,138,116,295,141,154,55,22,33,2385,1181,1204,955,342,613,1302,840,462,1075,750,325,298,206,92,222,115,107,16,13,3,539,416,123,227,90,137,21,4,17,118,31,87,1,0,1,87,55,32,194,79,115,17,4,13,94,22,72,1,0,1,82,53,29,33,11,22,4,0,4,24,9,15,0,0,0,5,2,3,2038,683,1355
29,569,0090,608733,0000,000000,KARNATAKA,Udupi,VILLAGE,Kedoor,Rural,437,2131,985,1146,161,80,81,213,101,112,47,15,32,1557,792,765,574,193,381,1075,608,467,991,570,421,212,99,113,215,98,117,1,0,1,563,373,190,84,38,46,18,6,12,35,14,21,0,0,0,31,18,13,84,38,46,18,6,12,35,14,21,0,0,0,31,18,13,0,0,0,0,0,0,0,0,0,0,0,0,0,0,0,1056,377,679
29,569,0090,608734,0000,000000,KARNATAKA,Udupi,VILLAGE,Kumbashi ,Rural,1142,5585,2692,2893,466,258,208,485,249,236,45,25,20,4369,2213,2156,1216,479,737,2381,1670,711,2007,1464,543,136,82,54,333,182,151,61,27,34,1477,1173,304,374,206,168,13,7,6,200,60,140,11,5,6,150,134,16,371,204,167,13,7,6,200,60,140,11,5,6,147,132,15,3,2,1,0,0,0,0,0,0,0,0,0,3,2,1,3204,1022,2182
29,569,0090,608735,0000,000000,KARNATAKA,Udupi,VILLAGE,Asodu,Rural,226,1114,520,594,93,49,44,31,13,18,19,8,11,782,405,377,332,115,217,509,313,196,463,298,165,124,70,54,68,34,34,14,9,5,257,185,72,46,15,31,7,2,5,21,4,17,1,0,1,17,9,8,43,14,29,6,2,4,21,4,17,1,0,1,15,8,7,3,1,2,1,0,1,0,0,0,0,0,0,2,1,1,605,207,398
29,569,0090,608736,0000,000000,KARNATAKA,Udupi,VILLAGE,Kalavara,Rural,589,2764,1299,1465,248,130,118,490,248,242,13,8,5,2020,1041,979,744,258,486,1249,805,444,980,727,253,183,97,86,30,17,13,9,9,0,758,604,154,269,78,191,5,2,3,194,43,151,7,1,6,63,32,31,265,77,188,5,2,3,192,43,149,7,1,6,61,31,30,4,1,3,0,0,0,2,0,2,0,0,0,2,1,1,1515,494,1021
29,569,0090,608737,0000,000000,KARNATAKA,Udupi,VILLAGE,Kandavara,Rural,640,3357,1582,1775,305,152,153,524,249,275,25,12,13,2467,1262,1205,890,320,570,1366,955,411,937,685,252,81,72,9,152,73,79,5,2,3,699,538,161,429,270,159,24,20,4,171,57,114,6,2,4,228,191,37,417,268,149,24,20,4,162,57,105,5,2,3,226,189,37,12,2,10,0,0,0,9,0,9,1,0,1,2,2,0,1991,627,1364
29,569,0090,608738,0000,000000,KARNATAKA,Udupi,VILLAGE,Anagalli,Rural,707,3060,1438,1622,219,114,105,256,124,132,0,0,0,2465,1224,1241,595,214,381,1135,798,337,1009,728,281,59,43,16,78,38,40,33,5,28,839,642,197,126,70,56,13,13,0,23,5,18,17,0,17,73,52,21,103,62,41,13,13,0,15,4,11,16,0,16,59,45,14,23,8,15,0,0,0,8,1,7,1,0,1,14,7,7,1925,640,1285
29,569,0090,608739,0000,000000,KARNATAKA,Udupi,VILLAGE,Basrur,Rural,1356,6613,3163,3450,576,282,294,234,110,124,41,26,15,5279,2677,2602,1334,486,848,2423,1794,629,2232,1716,516,116,95,21,179,151,28,13,11,2,1924,1459,465,191,78,113,20,8,12,75,15,60,1,0,1,95,55,40,137,65,72,2,2,0,50,13,37,1,0,1,84,50,34,54,13,41,18,6,12,25,2,23,0,0,0,11,5,6,4190,1369,2821
29,569,0090,608740,0000,000000,KARNATAKA,Udupi,VILLAGE,Balkur,Rural,584,2998,1416,1582,299,152,147,241,102,139,7,3,4,2131,1103,1028,867,313,554,1123,806,317,1094,796,298,115,105,10,136,73,63,8,8,0,835,610,225,29,10,19,4,1,3,10,2,8,0,0,0,15,7,8,26,9,17,4,1,3,8,1,7,0,0,0,14,7,7,3,1,2,0,0,0,2,1,1,0,0,0,1,0,1,1875,610,1265
29,569,0090,608741,0000,000000,KARNATAKA,Udupi,VILLAGE,Japthi,Rural,471,2178,1018,1160,188,100,88,59,30,29,3,3,0,1517,779,738,661,239,422,895,618,277,864,601,263,184,132,52,184,108,76,45,40,5,451,321,130,31,17,14,7,4,3,9,6,3,3,0,3,12,7,5,28,15,13,7,4,3,8,5,3,2,0,2,11,6,5,3,2,1,0,0,0,1,1,0,1,0,1,1,1,0,1283,400,883
29,569,0090,608742,0000,000000,KARNATAKA,Udupi,VILLAGE,Hombady-Mandadi,Rural,338,1570,745,825,194,105,89,255,132,123,52,31,21,1054,533,521,516,212,304,746,432,314,727,425,302,97,50,47,167,75,92,45,17,28,418,283,135,19,7,12,3,3,0,9,2,7,0,0,0,7,2,5,16,5,11,2,2,0,8,1,7,0,0,0,6,2,4,3,2,1,1,1,0,1,1,0,0,0,0,1,0,1,824,313,511
29,569,0090,608743,0000,000000,KARNATAKA,Udupi,VILLAGE,Korgi,Rural,478,2323,1009,1314,215,103,112,290,151,139,4,3,1,1606,774,832,717,235,482,1193,635,558,1024,602,422,257,108,149,170,85,85,21,17,4,576,392,184,169,33,136,35,4,31,100,14,86,2,0,2,32,15,17,150,28,122,30,4,26,95,14,81,2,0,2,23,10,13,19,5,14,5,0,5,5,0,5,0,0,0,9,5,4,1130,374,756
29,569,0090,608744,0000,000000,KARNATAKA,Udupi,VILLAGE,Heskathoor,Rural,186,980,475,505,89,45,44,0,0,0,0,0,0,722,374,348,258,101,157,379,284,95,344,273,71,37,32,5,0,0,0,0,0,0,307,241,66,35,11,24,2,0,2,32,10,22,0,0,0,1,1,0,35,11,24,2,0,2,32,10,22,0,0,0,1,1,0,0,0,0,0,0,0,0,0,0,0,0,0,0,0,0,601,191,410
29,569,0090,608745,0000,000000,KARNATAKA,Udupi,VILLAGE,Hallady-Harkadi,Rural,321,1606,741,865,132,66,66,74,37,37,69,32,37,1141,578,563,465,163,302,700,446,254,670,421,249,100,49,51,75,30,45,2,1,1,493,341,152,30,25,5,6,2,4,0,0,0,0,0,0,24,23,1,29,24,5,6,2,4,0,0,0,0,0,0,23,22,1,1,1,0,0,0,0,0,0,0,0,0,0,1,1,0,906,295,611
29,569,0090,608746,0000,000000,KARNATAKA,Udupi,VILLAGE,Yedyadi-Mathyadi,Rural,534,2656,1244,1412,229,108,121,149,72,77,16,7,9,2006,1022,984,650,222,428,1227,768,459,1180,759,421,272,178,94,258,131,127,11,7,4,639,443,196,47,9,38,4,2,2,15,1,14,1,1,0,27,5,22,40,7,33,4,2,2,14,1,13,1,1,0,21,3,18,7,2,5,0,0,0,1,0,1,0,0,0,6,2,4,1429,476,953
29,569,0090,608747,0000,000000,KARNATAKA,Udupi,VILLAGE,Molahalli,Rural,852,4079,1877,2202,353,189,164,413,191,222,5,3,2,2764,1391,1373,1315,486,829,1893,1151,742,1588,1062,526,340,234,106,341,196,145,18,10,8,889,622,267,305,89,216,24,3,21,186,34,152,2,0,2,93,52,41,262,81,181,21,2,19,165,31,134,2,0,2,74,48,26,43,8,35,3,1,2,21,3,18,0,0,0,19,4,15,2186,726,1460
29,569,0090,608748,0000,000000,KARNATAKA,Udupi,VILLAGE,Hardally-Mandally,Rural,669,3298,1549,1749,260,146,114,220,116,104,70,37,33,2311,1157,1154,987,392,595,1484,899,585,854,574,280,105,70,35,186,112,74,11,7,4,552,385,167,630,325,305,41,22,19,370,172,198,14,6,8,205,125,80,589,307,282,39,21,18,343,162,181,14,6,8,193,118,75,41,18,23,2,1,1,27,10,17,0,0,0,12,7,5,1814,650,1164
29,569,0090,608749,0000,000000,KARNATAKA,Udupi,VILLAGE,Harady (28),Rural,271,1262,595,667,115,65,50,74,37,37,22,13,9,881,449,432,381,146,235,502,363,139,499,361,138,71,60,11,87,50,37,9,8,1,332,243,89,3,2,1,1,0,1,0,0,0,1,1,0,1,1,0,3,2,1,1,0,1,0,0,0,1,1,0,1,1,0,0,0,0,0,0,0,0,0,0,0,0,0,0,0,0,760,232,528
29,569,0090,608750,0000,000000,KARNATAKA,Udupi,VILLAGE,Halady (76),Rural,591,2791,1314,1477,274,121,153,87,44,43,186,86,100,1952,987,965,839,327,512,1285,834,451,1222,804,418,305,186,119,175,112,63,28,17,11,714,489,225,63,30,33,4,3,1,31,13,18,1,0,1,27,14,13,61,28,33,3,2,1,31,13,18,1,0,1,26,13,13,2,2,0,1,1,0,0,0,0,0,0,0,1,1,0,1506,480,1026
29,569,0090,608751,0000,000000,KARNATAKA,Udupi,VILLAGE,Hengavalli,Rural,693,3446,1559,1887,321,177,144,196,88,108,173,84,89,2422,1143,1279,1024,416,608,1763,968,795,1651,928,723,431,270,161,617,375,242,5,4,1,598,279,319,112,40,72,9,6,3,27,13,14,5,0,5,71,21,50,66,39,27,9,6,3,25,13,12,4,0,4,28,20,8,46,1,45,0,0,0,2,0,2,1,0,1,43,1,42,1683,591,1092
29,569,0090,608752,0000,000000,KARNATAKA,Udupi,VILLAGE,Belve,Rural,773,3455,1677,1778,326,179,147,238,109,129,37,19,18,2440,1264,1176,1015,413,602,1503,1000,503,1370,937,433,222,183,39,387,280,107,10,6,4,751,468,283,133,63,70,12,7,5,21,12,9,4,4,0,96,40,56,88,54,34,12,7,5,21,12,9,0,0,0,55,35,20,45,9,36,0,0,0,0,0,0,4,4,0,41,5,36,1952,677,1275
29,569,0090,608753,0000,000000,KARNATAKA,Udupi,VILLAGE,Albadi,Rural,771,3408,1562,1846,344,180,164,245,118,127,81,37,44,2259,1114,1145,1149,448,701,1616,922,694,1541,893,648,172,107,65,285,174,111,12,6,6,1072,606,466,75,29,46,12,6,6,30,9,21,3,0,3,30,14,16,56,26,30,12,6,6,19,7,12,0,0,0,25,13,12,19,3,16,0,0,0,11,2,9,3,0,3,5,1,4,1792,640,1152
29,569,0090,608754,0000,000000,KARNATAKA,Udupi,VILLAGE,Shedimane,Rural,492,2370,1097,1273,232,109,123,84,40,44,66,31,35,1634,825,809,736,272,464,1114,646,468,1081,625,456,150,101,49,350,152,198,11,6,5,570,366,204,33,21,12,7,4,3,11,4,7,0,0,0,15,13,2,33,21,12,7,4,3,11,4,7,0,0,0,15,13,2,0,0,0,0,0,0,0,0,0,0,0,0,0,0,0,1256,451,805
29,569,0090,608755,0000,000000,KARNATAKA,Udupi,VILLAGE,Rattadi,Rural,412,1943,903,1040,166,96,70,111,50,61,189,97,92,1340,660,680,603,243,360,885,550,335,870,542,328,242,165,77,218,148,70,8,8,0,402,221,181,15,8,7,0,0,0,9,6,3,0,0,0,6,2,4,13,7,6,0,0,0,7,5,2,0,0,0,6,2,4,2,1,1,0,0,0,2,1,1,0,0,0,0,0,0,1058,353,705
29,569,0090,608756,0000,000000,KARNATAKA,Udupi,VILLAGE,Amasebailu,Rural,614,3034,1479,1555,327,167,160,54,34,20,747,369,378,2073,1071,1002,961,408,553,1312,955,357,1255,917,338,310,252,58,297,235,62,40,27,13,608,403,205,57,38,19,12,3,9,32,25,7,1,0,1,12,10,2,55,37,18,12,3,9,32,25,7,0,0,0,11,9,2,2,1,1,0,0,0,0,0,0,1,0,1,1,1,0,1722,524,1198
29,569,0090,608757,0000,000000,KARNATAKA,Udupi,VILLAGE,Madammakki,Rural,332,1767,856,911,147,71,76,13,5,8,183,93,90,1238,659,579,529,197,332,856,575,281,839,567,272,261,203,58,61,47,14,21,5,16,496,312,184,17,8,9,2,0,2,1,1,0,1,0,1,13,7,6,12,8,4,1,0,1,1,1,0,1,0,1,9,7,2,5,0,5,1,0,1,0,0,0,0,0,0,4,0,4,911,281,630
29,569,0090,608758,0000,000000,KARNATAKA,Udupi,TOWN,Koteshwar (CT),Urban,2131,10229,4887,5342,960,487,473,182,96,86,92,45,47,8009,4027,3982,2220,860,1360,4136,2903,1233,3858,2740,1118,173,113,60,302,123,179,39,19,20,3344,2485,859,278,163,115,7,1,6,22,7,15,6,4,2,243,151,92,261,157,104,7,1,6,19,7,12,6,4,2,229,145,84,17,6,11,0,0,0,3,0,3,0,0,0,14,6,8,6093,1984,4109
29,569,0091,000000,0000,000000,KARNATAKA,Udupi,CD BLOCK,Udupi,Total,92719,422370,201802,220568,36129,18393,17736,25260,12282,12978,19383,9603,9780,340544,170161,170383,81826,31641,50185,184319,120999,63320,167786,112102,55684,19219,11976,7243,16505,8941,7564,3845,1933,1912,128217,89252,38965,16533,8897,7636,1187,521,666,3993,1490,2503,697,215,482,10656,6671,3985,14448,7874,6574,995,435,560,3537,1354,2183,564,175,389,9352,5910,3442,2085,1023,1062,192,86,106,456,136,320,133,40,93,1304,761,543,238051,80803,157248
29,569,0091,000000,0000,000000,KARNATAKA,Udupi,CD BLOCK,Udupi,Rural,65960,302092,143307,158785,25381,12916,12465,17394,8418,8976,15910,7876,8034,239633,119638,119995,62459,23669,38790,134850,86905,47945,122243,80551,41692,17635,10976,6659,15646,8429,7217,2859,1510,1349,86103,59636,26467,12607,6354,6253,1061,457,604,3689,1326,2363,538,163,375,7319,4408,2911,11172,5759,5413,881,373,508,3286,1213,2073,424,129,295,6581,4044,2537,1435,595,840,180,84,96,403,113,290,114,34,80,738,364,374,167242,56402,110840
29,569,0091,000000,0000,000000,KARNATAKA,Udupi,CD BLOCK,Udupi,Urban,26759,120278,58495,61783,10748,5477,5271,7866,3864,4002,3473,1727,1746,100911,50523,50388,19367,7972,11395,49469,34094,15375,45543,31551,13992,1584,1000,584,859,512,347,986,423,563,42114,29616,12498,3926,2543,1383,126,64,62,304,164,140,159,52,107,3337,2263,1074,3276,2115,1161,114,62,52,251,141,110,140,46,94,2771,1866,905,650,428,222,12,2,10,53,23,30,19,6,13,566,397,169,70809,24401,46408
29,569,0091,608759,0000,000000,KARNATAKA,Udupi,VILLAGE,Manoor,Rural,1113,5876,2808,3068,503,261,242,381,176,205,13,8,5,4518,2314,2204,1358,494,864,2781,1769,1012,2315,1638,677,314,162,152,300,128,172,13,2,11,1688,1346,342,466,131,335,38,15,23,310,60,250,6,1,5,112,55,57,429,121,308,37,14,23,287,58,229,3,1,2,102,48,54,37,10,27,1,1,0,23,2,21,3,0,3,10,7,3,3095,1039,2056
29,569,0091,608760,0000,000000,KARNATAKA,Udupi,VILLAGE,Kotathattu,Rural,1032,5171,2411,2760,446,231,215,183,86,97,59,25,34,3838,1958,1880,1333,453,880,2334,1464,870,2066,1346,720,211,132,79,422,147,275,31,7,24,1402,1060,342,268,118,150,48,39,9,144,28,116,0,0,0,76,51,25,251,111,140,46,37,9,136,28,108,0,0,0,69,46,23,17,7,10,2,2,0,8,0,8,0,0,0,7,5,2,2837,947,1890
29,569,0091,608761,0000,000000,KARNATAKA,Udupi,VILLAGE,Giliyar,Rural,884,3982,1772,2210,307,154,153,303,151,152,57,24,33,3042,1463,1579,940,309,631,1833,1109,724,1569,1022,547,181,108,73,343,111,232,23,16,7,1022,787,235,264,87,177,46,19,27,140,25,115,3,1,2,75,42,33,255,86,169,45,19,26,137,25,112,3,1,2,70,41,29,9,1,8,1,0,1,3,0,3,0,0,0,5,1,4,2149,663,1486
29,569,0091,608762,0000,000000,KARNATAKA,Udupi,VILLAGE,Bannady,Rural,248,1206,569,637,89,46,43,53,24,29,6,2,4,955,476,479,251,93,158,596,359,237,216,171,45,5,3,2,17,12,5,20,14,6,174,142,32,380,188,192,61,33,28,176,42,134,28,18,10,115,95,20,257,139,118,15,8,7,117,34,83,24,16,8,101,81,20,123,49,74,46,25,21,59,8,51,4,2,2,14,14,0,610,210,400
29,569,0091,608763,0000,000000,KARNATAKA,Udupi,VILLAGE,Vaddarse,Rural,446,2163,1045,1118,161,96,65,92,41,51,30,15,15,1696,868,828,467,177,290,939,640,299,789,574,215,78,63,15,355,231,124,31,14,17,325,266,59,150,66,84,17,7,10,91,32,59,6,2,4,36,25,11,114,54,60,13,4,9,65,27,38,6,2,4,30,21,9,36,12,24,4,3,1,26,5,21,0,0,0,6,4,2,1224,405,819
29,569,0091,608764,0000,000000,KARNATAKA,Udupi,VILLAGE,Kodi,Rural,860,4490,2161,2329,407,212,195,85,46,39,4,2,2,3489,1793,1696,1001,368,633,2067,1372,695,2059,1368,691,31,23,8,231,76,155,24,3,21,1773,1266,507,8,4,4,3,1,2,0,0,0,0,0,0,5,3,2,8,4,4,3,1,2,0,0,0,0,0,0,5,3,2,0,0,0,0,0,0,0,0,0,0,0,0,0,0,0,2423,789,1634
29,569,0091,608765,0000,000000,KARNATAKA,Udupi,VILLAGE,Balkudru,Rural,578,2736,1434,1302,186,96,90,338,154,184,5,3,2,2247,1251,996,489,183,306,1383,992,391,835,594,241,59,44,15,115,67,48,28,17,11,633,466,167,548,398,150,10,8,2,153,66,87,1,1,0,384,323,61,517,385,132,10,8,2,129,60,69,1,1,0,377,316,61,31,13,18,0,0,0,24,6,18,0,0,0,7,7,0,1353,442,911
29,569,0091,608766,0000,000000,KARNATAKA,Udupi,VILLAGE,Irody,Rural,866,3656,1686,1970,302,146,156,112,53,59,5,4,1,2938,1443,1495,718,243,475,1467,987,480,1308,924,384,134,91,43,297,124,173,18,5,13,859,704,155,159,63,96,5,1,4,116,35,81,2,0,2,36,27,9,157,62,95,5,1,4,116,35,81,2,0,2,34,26,8,2,1,1,0,0,0,0,0,0,0,0,0,2,1,1,2189,699,1490
29,569,0091,608767,0000,000000,KARNATAKA,Udupi,VILLAGE,Pandeshwara,Rural,717,3042,1317,1725,243,115,128,118,50,68,35,13,22,2467,1123,1344,575,194,381,1257,787,470,977,625,352,91,43,48,230,98,132,16,11,5,640,473,167,280,162,118,25,13,12,147,64,83,14,10,4,94,75,19,252,139,113,24,12,12,134,55,79,14,10,4,80,62,18,28,23,5,1,1,0,13,9,4,0,0,0,14,13,1,1785,530,1255
29,569,0091,608768,0000,000000,KARNATAKA,Udupi,VILLAGE,Moodahadu,Rural,458,2107,1014,1093,151,77,74,85,39,46,1,0,1,1767,884,883,340,130,210,858,607,251,464,375,89,33,27,6,47,25,22,16,14,2,368,309,59,394,232,162,7,3,4,65,31,34,9,5,4,313,193,120,354,215,139,7,3,4,57,29,28,7,3,4,283,180,103,40,17,23,0,0,0,8,2,6,2,2,0,30,13,17,1249,407,842
29,569,0091,608769,0000,000000,KARNATAKA,Udupi,VILLAGE,Hosala,Rural,649,2847,1318,1529,201,95,106,157,73,84,40,20,20,2359,1158,1201,488,160,328,1108,783,325,1015,720,295,138,103,35,198,102,96,21,15,6,658,500,158,93,63,30,6,4,2,15,11,4,11,6,5,61,42,19,76,53,23,6,4,2,11,9,2,10,5,5,49,35,14,17,10,7,0,0,0,4,2,2,1,1,0,12,7,5,1739,535,1204
29,569,0091,608770,0000,000000,KARNATAKA,Udupi,VILLAGE,Kavadi,Rural,494,2130,960,1170,154,88,66,68,35,33,89,44,45,1638,784,854,492,176,316,864,572,292,709,475,234,229,154,75,167,101,66,40,24,16,273,196,77,155,97,58,6,2,4,68,40,28,6,6,0,75,49,26,119,75,44,5,2,3,62,36,26,4,4,0,48,33,15,36,22,14,1,0,1,6,4,2,2,2,0,27,16,11,1266,388,878
29,569,0091,608771,0000,000000,KARNATAKA,Udupi,VILLAGE,Achalady,Rural,252,1133,520,613,97,55,42,80,39,41,21,10,11,783,381,402,350,139,211,454,280,174,454,280,174,134,64,70,116,61,55,12,10,2,192,145,47,0,0,0,0,0,0,0,0,0,0,0,0,0,0,0,0,0,0,0,0,0,0,0,0,0,0,0,0,0,0,0,0,0,0,0,0,0,0,0,0,0,0,0,0,0,679,240,439
29,569,0091,608772,0000,000000,KARNATAKA,Udupi,VILLAGE,Shiriyara,Rural,931,4839,2354,2485,393,182,211,447,215,232,4,2,2,3504,1867,1637,1335,487,848,2429,1511,918,2250,1455,795,453,239,214,584,260,324,8,3,5,1205,953,252,179,56,123,20,9,11,93,12,81,3,0,3,63,35,28,166,51,115,18,9,9,88,11,77,3,0,3,57,31,26,13,5,8,2,0,2,5,1,4,0,0,0,6,4,2,2410,843,1567
29,569,0091,608773,0000,000000,KARNATAKA,Udupi,VILLAGE,Kakkunje,Rural,291,1440,610,830,129,59,70,85,39,46,16,5,11,966,448,518,474,162,312,462,352,110,416,337,79,150,126,24,56,43,13,0,0,0,210,168,42,46,15,31,0,0,0,38,10,28,0,0,0,8,5,3,46,15,31,0,0,0,38,10,28,0,0,0,8,5,3,0,0,0,0,0,0,0,0,0,0,0,0,0,0,0,978,258,720
29,569,0091,608774,0000,000000,KARNATAKA,Udupi,VILLAGE,Billadi,Rural,514,2776,1353,1423,246,120,126,198,93,105,22,6,16,1959,1041,918,817,312,505,1169,789,380,1089,749,340,124,75,49,220,100,120,2,2,0,743,572,171,80,40,40,40,12,28,19,14,5,1,0,1,20,14,6,77,37,40,38,10,28,18,13,5,1,0,1,20,14,6,3,3,0,2,2,0,1,1,0,0,0,0,0,0,0,1607,564,1043
29,569,0091,608775,0000,000000,KARNATAKA,Udupi,VILLAGE,Yedthady,Rural,798,4230,2126,2104,354,182,172,223,119,104,132,51,81,2857,1590,1267,1373,536,837,1997,1409,588,1900,1375,525,216,146,70,198,107,91,24,14,10,1462,1108,354,97,34,63,3,0,3,51,13,38,1,1,0,42,20,22,95,34,61,3,0,3,49,13,36,1,1,0,42,20,22,2,0,2,0,0,0,2,0,2,0,0,0,0,0,0,2233,717,1516
29,569,0091,608776,0000,000000,KARNATAKA,Udupi,VILLAGE,Herady,Rural,424,2009,967,1042,174,80,94,69,33,36,627,287,340,1540,799,741,469,168,301,940,592,348,769,515,254,126,71,55,89,53,36,16,12,4,538,379,159,171,77,94,13,2,11,83,36,47,0,0,0,75,39,36,157,72,85,13,2,11,79,34,45,0,0,0,65,36,29,14,5,9,0,0,0,4,2,2,0,0,0,10,3,7,1069,375,694
29,569,0091,608777,0000,000000,KARNATAKA,Udupi,VILLAGE,Kachur,Rural,430,1837,831,1006,141,79,62,38,17,21,5,3,2,1556,713,843,281,118,163,634,453,181,563,400,163,56,48,8,27,14,13,19,13,6,461,325,136,71,53,18,3,0,3,13,11,2,2,2,0,53,40,13,52,38,14,3,0,3,2,2,0,2,2,0,45,34,11,19,15,4,0,0,0,11,9,2,0,0,0,8,6,2,1203,378,825
29,569,0091,608778,0000,000000,KARNATAKA,Udupi,VILLAGE,Hanehalli,Rural,922,4206,1959,2247,358,196,162,258,132,126,246,114,132,3366,1638,1728,840,321,519,1834,1134,700,1754,1106,648,311,195,116,372,184,188,151,45,106,920,682,238,80,28,52,2,1,1,26,2,24,9,0,9,43,25,18,77,27,50,1,0,1,24,2,22,9,0,9,43,25,18,3,1,2,1,1,0,2,0,2,0,0,0,0,0,0,2372,825,1547
29,569,0091,608779,0000,000000,KARNATAKA,Udupi,VILLAGE,Nadur,Rural,376,1890,895,995,146,75,71,38,19,19,28,15,13,1286,682,604,604,213,391,894,501,393,887,498,389,253,142,111,418,209,209,49,39,10,167,108,59,7,3,4,0,0,0,1,1,0,0,0,0,6,2,4,6,3,3,0,0,0,1,1,0,0,0,0,5,2,3,1,0,1,0,0,0,0,0,0,0,0,0,1,0,1,996,394,602
29,569,0091,608780,0000,000000,KARNATAKA,Udupi,VILLAGE,Heggunje,Rural,812,3676,1678,1998,317,171,146,170,81,89,153,70,83,2597,1293,1304,1079,385,694,1662,1013,649,1406,873,533,244,144,100,259,163,96,9,5,4,894,561,333,256,140,116,14,10,4,103,54,49,0,0,0,139,76,63,239,134,105,11,8,3,93,52,41,0,0,0,135,74,61,17,6,11,3,2,1,10,2,8,0,0,0,4,2,2,2014,665,1349
29,569,0091,608781,0000,000000,KARNATAKA,Udupi,VILLAGE,Vandar,Rural,315,1650,751,899,156,67,89,45,14,31,24,13,11,1090,545,545,560,206,354,776,502,274,690,449,241,82,69,13,84,43,41,3,0,3,521,337,184,86,53,33,5,3,2,29,16,13,0,0,0,52,34,18,83,51,32,4,2,2,27,15,12,0,0,0,52,34,18,3,2,1,1,1,0,2,1,1,0,0,0,0,0,0,874,249,625
29,569,0091,608782,0000,000000,KARNATAKA,Udupi,VILLAGE,Avarse,Rural,341,1646,712,934,135,58,77,124,57,67,5,3,2,1115,526,589,531,186,345,686,427,259,639,400,239,147,106,41,201,127,74,0,0,0,291,167,124,47,27,20,8,4,4,15,7,8,2,1,1,22,15,7,47,27,20,8,4,4,15,7,8,2,1,1,22,15,7,0,0,0,0,0,0,0,0,0,0,0,0,0,0,0,960,285,675
29,569,0091,608783,0000,000000,KARNATAKA,Udupi,VILLAGE,Hiliyana,Rural,593,3134,1466,1668,287,139,148,236,116,120,81,41,40,2182,1105,1077,952,361,591,1309,901,408,1290,889,401,219,182,37,235,176,59,19,15,4,817,516,301,19,12,7,0,0,0,2,1,1,1,1,0,16,10,6,17,10,7,0,0,0,2,1,1,1,1,0,14,8,6,2,2,0,0,0,0,0,0,0,0,0,0,2,2,0,1825,565,1260
29,569,0091,608784,0000,000000,KARNATAKA,Udupi,VILLAGE,33 Shiroor,Rural,436,2092,1019,1073,172,98,74,107,57,50,171,77,94,1451,771,680,641,248,393,1039,626,413,911,565,346,188,111,77,187,91,96,14,13,1,522,350,172,128,61,67,6,4,2,57,18,39,4,3,1,61,36,25,127,60,67,6,4,2,56,17,39,4,3,1,61,36,25,1,1,0,0,0,0,1,1,0,0,0,0,0,0,0,1053,393,660
29,569,0091,608785,0000,000000,KARNATAKA,Udupi,VILLAGE,Kadur,Rural,541,2565,1230,1335,173,92,81,121,57,64,101,55,46,1854,984,870,711,246,465,1202,766,436,1178,754,424,294,181,113,282,149,133,13,7,6,589,417,172,24,12,12,2,2,0,11,3,8,1,0,1,10,7,3,22,11,11,2,2,0,9,2,7,1,0,1,10,7,3,2,1,1,0,0,0,2,1,1,0,0,0,0,0,0,1363,464,899
29,569,0091,608786,0000,000000,KARNATAKA,Udupi,VILLAGE,Tonse West,Rural,1662,8010,3735,4275,848,444,404,674,319,355,25,13,12,6553,3123,3430,1457,612,845,2725,2012,713,2508,1881,627,46,26,20,10,6,4,18,12,6,2434,1837,597,217,131,86,11,6,5,3,2,1,6,2,4,197,121,76,203,124,79,11,6,5,3,2,1,6,2,4,183,114,69,14,7,7,0,0,0,0,0,0,0,0,0,14,7,7,5285,1723,3562
29,569,0091,608787,0000,000000,KARNATAKA,Udupi,VILLAGE,Haradi,Rural,841,3771,1731,2040,305,156,149,314,143,171,12,6,6,3146,1483,1663,625,248,377,1245,893,352,1170,854,316,64,48,16,36,25,11,3,1,2,1067,780,287,75,39,36,3,2,1,3,2,1,0,0,0,69,35,34,72,37,35,3,2,1,2,2,0,0,0,0,67,33,34,3,2,1,0,0,0,1,0,1,0,0,0,2,2,0,2526,838,1688
29,569,0091,608788,0000,000000,KARNATAKA,Udupi,VILLAGE,Kumragod,Rural,372,1646,765,881,139,77,62,20,7,13,10,5,5,1341,646,695,305,119,186,742,464,278,642,416,226,62,38,24,31,20,11,12,11,1,537,347,190,100,48,52,0,0,0,90,43,47,0,0,0,10,5,5,92,43,49,0,0,0,83,39,44,0,0,0,9,4,5,8,5,3,0,0,0,7,4,3,0,0,0,1,1,0,904,301,603
29,569,0091,608789,0000,000000,KARNATAKA,Udupi,VILLAGE,Handady,Rural,760,3309,1540,1769,255,113,142,471,218,253,6,1,5,2735,1344,1391,574,196,378,1390,932,458,1200,841,359,133,84,49,82,45,37,6,1,5,979,711,268,190,91,99,31,5,26,114,59,55,15,2,13,30,25,5,171,79,92,31,5,26,101,53,48,13,0,13,26,21,5,19,12,7,0,0,0,13,6,7,2,2,0,4,4,0,1919,608,1311
29,569,0091,608790,0000,000000,KARNATAKA,Udupi,VILLAGE,Matpady,Rural,396,1927,939,988,162,80,82,72,30,42,139,72,67,1567,807,760,360,132,228,795,548,247,790,543,247,57,24,33,77,36,41,17,7,10,639,476,163,5,5,0,0,0,0,0,0,0,0,0,0,5,5,0,5,5,0,0,0,0,0,0,0,0,0,0,5,5,0,0,0,0,0,0,0,0,0,0,0,0,0,0,0,0,1132,391,741
29,569,0091,608791,0000,000000,KARNATAKA,Udupi,VILLAGE,Chanthar,Rural,1272,5512,2691,2821,447,237,210,246,119,127,483,238,245,4778,2372,2406,734,319,415,2032,1481,551,1945,1427,518,91,72,19,290,192,98,18,7,11,1546,1156,390,87,54,33,6,5,1,25,12,13,4,3,1,52,34,18,81,51,30,6,5,1,25,12,13,0,0,0,50,34,16,6,3,3,0,0,0,0,0,0,4,3,1,2,0,2,3480,1210,2270
29,569,0091,608792,0000,000000,KARNATAKA,Udupi,VILLAGE,Baikady,Rural,869,3449,1663,1786,281,138,143,253,125,128,33,17,16,2762,1411,1351,687,252,435,1389,982,407,1359,967,392,58,42,16,80,49,31,7,6,1,1214,870,344,30,15,15,0,0,0,6,1,5,0,0,0,24,14,10,28,14,14,0,0,0,5,1,4,0,0,0,23,13,10,2,1,1,0,0,0,1,0,1,0,0,0,1,1,0,2060,681,1379
29,569,0091,608793,0000,000000,KARNATAKA,Udupi,VILLAGE,Uppoor,Rural,1795,7823,3821,4002,634,311,323,437,204,233,157,80,77,6499,3328,3171,1324,493,831,3475,2357,1118,2942,1999,943,307,216,91,341,207,134,59,32,27,2235,1544,691,533,358,175,33,13,20,47,21,26,4,0,4,449,324,125,529,354,175,33,13,20,46,20,26,4,0,4,446,321,125,4,4,0,0,0,0,1,1,0,0,0,0,3,3,0,4348,1464,2884
29,569,0091,608794,0000,000000,KARNATAKA,Udupi,VILLAGE,Havanje,Rural,795,3750,1812,1938,282,146,136,334,162,172,265,134,131,3132,1564,1568,618,248,370,1768,1162,606,1595,1097,498,327,235,92,222,130,92,40,28,12,1006,704,302,173,65,108,11,2,9,55,14,41,47,17,30,60,32,28,161,58,103,11,2,9,52,13,39,42,14,28,56,29,27,12,7,5,0,0,0,3,1,2,5,3,2,4,3,1,1982,650,1332
29,569,0091,608795,0000,000000,KARNATAKA,Udupi,VILLAGE,Aroor,Rural,763,3609,1768,1841,255,133,122,203,111,92,827,422,405,2912,1503,1409,697,265,432,1784,1093,691,1762,1088,674,298,176,122,403,209,194,32,14,18,1029,689,340,22,5,17,1,1,0,7,1,6,1,0,1,13,3,10,17,5,12,1,1,0,5,1,4,1,0,1,10,3,7,5,0,5,0,0,0,2,0,2,0,0,0,3,0,3,1825,675,1150
29,569,0091,608796,0000,000000,KARNATAKA,Udupi,VILLAGE,Neelavar,Rural,757,3480,1631,1849,260,131,129,25,13,12,423,210,213,2721,1365,1356,759,266,493,1811,1055,756,1756,1030,726,532,267,265,440,207,233,22,8,14,762,548,214,55,25,30,5,2,3,40,16,24,0,0,0,10,7,3,53,25,28,5,2,3,40,16,24,0,0,0,8,7,1,2,0,2,0,0,0,0,0,0,0,0,0,2,0,2,1669,576,1093
29,569,0091,608797,0000,000000,KARNATAKA,Udupi,VILLAGE,Cherkady,Rural,1386,6335,3132,3203,500,252,248,262,139,123,1890,965,925,4999,2626,2373,1336,506,830,3327,2068,1259,3145,2046,1099,614,372,242,718,362,356,27,22,5,1786,1290,496,182,22,160,3,1,2,4,1,3,3,1,2,172,19,153,182,22,160,3,1,2,4,1,3,3,1,2,172,19,153,0,0,0,0,0,0,0,0,0,0,0,0,0,0,0,3008,1064,1944
29,569,0091,608798,0000,000000,KARNATAKA,Udupi,VILLAGE,Bellampalli,Rural,465,2168,1065,1103,141,67,74,41,28,13,343,176,167,1725,906,819,443,159,284,924,644,280,836,601,235,131,107,24,43,27,16,1,0,1,661,467,194,88,43,45,4,0,4,22,16,6,3,1,2,59,26,33,75,38,37,4,0,4,19,14,5,3,1,2,49,23,26,13,5,8,0,0,0,3,2,1,0,0,0,10,3,7,1244,421,823
29,569,0091,608799,0000,000000,KARNATAKA,Udupi,VILLAGE,Kukkehalli,Rural,677,3188,1550,1638,252,121,131,180,97,83,589,283,306,2347,1233,1114,841,317,524,1426,972,454,1414,967,447,214,160,54,434,304,130,11,6,5,755,497,258,12,5,7,3,1,2,4,2,2,0,0,0,5,2,3,11,4,7,3,1,2,3,1,2,0,0,0,5,2,3,1,1,0,0,0,0,1,1,0,0,0,0,0,0,0,1762,578,1184
29,569,0091,608800,0000,000000,KARNATAKA,Udupi,VILLAGE,Haluvalli,Rural,407,1982,940,1042,177,79,98,32,14,18,506,246,260,1471,756,715,511,184,327,931,665,266,863,633,230,204,151,53,224,178,46,11,7,4,424,297,127,68,32,36,11,0,11,7,4,3,1,1,0,49,27,22,50,20,30,10,0,10,5,2,3,1,1,0,34,17,17,18,12,6,1,0,1,2,2,0,0,0,0,15,10,5,1051,275,776
29,569,0091,608801,0000,000000,KARNATAKA,Udupi,VILLAGE,Pejamangoor,Rural,878,4491,2201,2290,339,178,161,208,92,116,233,114,119,3512,1821,1691,979,380,599,2452,1462,990,2413,1440,973,442,206,236,923,535,388,47,17,30,1001,682,319,39,22,17,14,5,9,4,1,3,1,0,1,20,16,4,34,19,15,10,3,7,4,1,3,1,0,1,19,15,4,5,3,2,4,2,2,0,0,0,0,0,0,1,1,0,2039,739,1300
29,569,0091,608802,0000,000000,KARNATAKA,Udupi,VILLAGE,34 Kudi,Rural,712,3574,1730,1844,266,125,141,31,17,14,202,105,97,2533,1356,1177,1041,374,667,1849,1142,707,1706,1117,589,417,330,87,597,346,251,17,10,7,675,431,244,143,25,118,39,5,34,89,9,80,1,1,0,14,10,4,139,22,117,39,5,34,88,9,79,1,1,0,11,7,4,4,3,1,0,0,0,1,0,1,0,0,0,3,3,0,1725,588,1137
29,569,0091,608803,0000,000000,KARNATAKA,Udupi,VILLAGE,Nanchar,Rural,527,2691,1293,1398,236,109,127,126,63,63,203,98,105,1751,949,802,940,344,596,1328,842,486,1274,803,471,296,227,69,324,177,147,5,4,1,649,395,254,54,39,15,11,5,6,17,14,3,1,0,1,25,20,5,54,39,15,11,5,6,17,14,3,1,0,1,25,20,5,0,0,0,0,0,0,0,0,0,0,0,0,0,0,0,1363,451,912
29,569,0091,608804,0000,000000,KARNATAKA,Udupi,VILLAGE,Nalkur,Rural,792,4003,1972,2031,342,175,167,172,92,80,64,29,35,2758,1481,1277,1245,491,754,1986,1359,627,1886,1298,588,237,183,54,526,376,150,13,7,6,1110,732,378,100,61,39,0,0,0,46,23,23,3,3,0,51,35,16,94,57,37,0,0,0,45,22,23,3,3,0,46,32,14,6,4,2,0,0,0,1,1,0,0,0,0,5,3,2,2017,613,1404
29,569,0091,608805,0000,000000,KARNATAKA,Udupi,VILLAGE,Kenjoor,Rural,592,2850,1333,1517,238,124,114,64,34,30,294,144,150,2060,1044,1016,790,289,501,1315,805,510,1120,704,416,254,177,77,250,131,119,16,9,7,600,387,213,195,101,94,23,8,15,120,66,54,3,0,3,49,27,22,187,97,90,20,8,12,115,62,53,3,0,3,49,27,22,8,4,4,3,0,3,5,4,1,0,0,0,0,0,0,1535,528,1007
29,569,0091,608806,0000,000000,KARNATAKA,Udupi,VILLAGE,38 Kalthur,Rural,427,1973,949,1024,182,100,82,75,37,38,391,192,199,1455,735,720,518,214,304,1048,607,441,1005,590,415,169,90,79,85,45,40,4,2,2,747,453,294,43,17,26,3,2,1,7,2,5,0,0,0,33,13,20,19,12,7,1,1,0,6,2,4,0,0,0,12,9,3,24,5,19,2,1,1,1,0,1,0,0,0,21,4,17,925,342,583
29,569,0091,608807,0000,000000,KARNATAKA,Udupi,VILLAGE,Hosoor,Rural,568,2658,1306,1352,224,126,98,75,34,41,867,439,428,1964,1037,927,694,269,425,1295,819,476,1157,726,431,250,195,55,269,169,100,12,7,5,626,355,271,138,93,45,5,4,1,61,40,21,6,4,2,66,45,21,127,87,40,5,4,1,60,39,21,5,4,1,57,40,17,11,6,5,0,0,0,1,1,0,1,0,1,9,5,4,1363,487,876
29,569,0091,608808,0000,000000,KARNATAKA,Udupi,VILLAGE,Perdoor,Rural,2248,10957,5282,5675,936,476,460,546,264,282,908,459,449,8560,4377,4183,2397,905,1492,5564,3411,2153,5454,3352,2102,946,494,452,312,168,144,97,35,62,4099,2655,1444,110,59,51,6,4,2,28,11,17,5,3,2,71,41,30,102,52,50,5,3,2,25,9,16,3,1,2,69,39,30,8,7,1,1,1,0,3,2,1,2,2,0,2,2,0,5393,1871,3522
29,569,0091,608809,0000,000000,KARNATAKA,Udupi,VILLAGE,Bairampalli,Rural,644,3297,1606,1691,323,163,160,146,73,73,62,31,31,2507,1310,1197,790,296,494,1803,1081,722,1540,973,567,355,201,154,114,75,39,110,37,73,961,660,301,263,108,155,41,4,37,72,29,43,17,4,13,133,71,62,234,100,134,36,4,32,72,29,43,13,3,10,113,64,49,29,8,21,5,0,5,0,0,0,4,1,3,20,7,13,1494,525,969
29,569,0091,608810,0000,000000,KARNATAKA,Udupi,VILLAGE,Bellarpadi,Rural,173,867,446,421,64,34,30,19,11,8,25,15,10,704,375,329,163,71,92,447,288,159,323,272,51,49,48,1,16,12,4,5,0,5,253,212,41,124,16,108,6,2,4,50,5,45,45,0,45,23,9,14,119,16,103,6,2,4,48,5,43,44,0,44,21,9,12,5,0,5,0,0,0,2,0,2,1,0,1,2,0,2,420,158,262
29,569,0091,608811,0000,000000,KARNATAKA,Udupi,VILLAGE,41 Shiroor,Rural,423,2155,1014,1141,165,80,85,228,96,132,185,89,96,1681,855,826,474,159,315,1127,671,456,1107,662,445,323,161,162,141,78,63,134,83,51,509,340,169,20,9,11,7,2,5,2,1,1,2,1,1,9,5,4,16,9,7,4,2,2,2,1,1,2,1,1,8,5,3,4,0,4,3,0,3,0,0,0,0,0,0,1,0,1,1028,343,685
29,569,0091,608812,0000,000000,KARNATAKA,Udupi,VILLAGE,Badanidiyur,Rural,895,4018,1857,2161,357,169,188,336,139,197,23,11,12,3294,1581,1713,724,276,448,1904,1146,758,1798,1087,711,47,29,18,106,43,63,48,5,43,1597,1010,587,106,59,47,7,3,4,7,3,4,0,0,0,92,53,39,104,58,46,7,3,4,6,2,4,0,0,0,91,53,38,2,1,1,0,0,0,1,1,0,0,0,0,1,0,1,2114,711,1403
29,569,0091,608813,0000,000000,KARNATAKA,Udupi,VILLAGE,Athradi,Rural,647,2863,1404,1459,274,147,127,122,59,63,451,221,230,2317,1182,1135,546,222,324,1188,790,398,1087,723,364,41,35,6,36,15,21,49,10,39,961,663,298,101,67,34,19,15,4,2,2,0,2,1,1,78,49,29,93,60,33,16,13,3,2,2,0,1,0,1,74,45,29,8,7,1,3,2,1,0,0,0,1,1,0,4,4,0,1675,614,1061
29,569,0091,608814,0000,000000,KARNATAKA,Udupi,VILLAGE,Anjaru,Rural,897,4013,1964,2049,327,162,165,249,119,130,564,284,280,3219,1669,1550,794,295,499,1873,1255,618,1594,1091,503,229,154,75,99,57,42,13,6,7,1253,874,379,279,164,115,30,18,12,97,48,49,7,4,3,145,94,51,239,156,83,30,18,12,62,44,18,6,3,3,141,91,50,40,8,32,0,0,0,35,4,31,1,1,0,4,3,1,2140,709,1431
29,569,0091,608815,0000,000000,KARNATAKA,Udupi,VILLAGE,Bommarabettu,Rural,1932,8363,4065,4298,650,314,336,268,127,141,1089,547,542,6846,3507,3339,1517,558,959,3610,2528,1082,3440,2421,1019,575,401,174,128,52,76,77,39,38,2660,1929,731,170,107,63,12,12,0,32,16,16,11,5,6,115,74,41,158,98,60,10,10,0,30,16,14,8,2,6,110,70,40,12,9,3,2,2,0,2,0,2,3,3,0,5,4,1,4753,1537,3216
29,569,0091,608816,0000,000000,KARNATAKA,Udupi,VILLAGE,Kudi (82),Rural,350,1593,748,845,107,53,54,43,22,21,250,121,129,1295,626,669,298,122,176,890,504,386,691,451,240,104,84,20,125,74,51,73,43,30,389,250,139,199,53,146,28,14,14,36,19,17,51,3,48,84,17,67,41,20,21,2,0,2,12,7,5,1,0,1,26,13,13,158,33,125,26,14,12,24,12,12,50,3,47,58,4,54,703,244,459
29,569,0091,608817,0000,000000,KARNATAKA,Udupi,VILLAGE,Hirebettu,Rural,579,2619,1279,1340,209,109,100,105,49,56,569,286,283,2175,1098,1077,444,181,263,1166,770,396,1051,725,326,100,78,22,35,20,15,5,3,2,911,624,287,115,45,70,5,4,1,51,15,36,2,0,2,57,26,31,75,25,50,5,4,1,45,15,30,0,0,0,25,6,19,40,20,20,0,0,0,6,0,6,2,0,2,32,20,12,1453,509,944
29,569,0091,608818,0000,000000,KARNATAKA,Udupi,VILLAGE,Marne,Rural,268,1254,602,652,91,51,40,94,46,48,181,82,99,1007,507,500,247,95,152,576,375,201,522,358,164,78,54,24,27,17,10,1,1,0,416,286,130,54,17,37,1,0,1,22,8,14,0,0,0,31,9,22,53,16,37,1,0,1,22,8,14,0,0,0,30,8,22,1,1,0,0,0,0,0,0,0,0,0,0,1,1,0,678,227,451
29,569,0091,608819,0000,000000,KARNATAKA,Udupi,VILLAGE,Pernankila,Rural,400,1841,915,926,158,82,76,140,74,66,138,74,64,1386,736,650,455,179,276,757,563,194,747,555,192,103,85,18,47,38,9,29,26,3,568,406,162,10,8,2,1,1,0,2,0,2,1,1,0,6,6,0,8,7,1,1,1,0,1,0,1,1,1,0,5,5,0,2,1,1,0,0,0,1,0,1,0,0,0,1,1,0,1084,352,732
29,569,0091,608820,0000,000000,KARNATAKA,Udupi,VILLAGE,Mattu,Rural,547,2509,1241,1268,179,93,86,157,91,66,1,1,0,2163,1100,1063,346,141,205,1236,800,436,1151,750,401,140,90,50,114,57,57,28,3,25,869,600,269,85,50,35,2,2,0,29,17,12,4,1,3,50,30,20,83,49,34,2,2,0,28,16,12,3,1,2,50,30,20,2,1,1,0,0,0,1,1,0,1,0,1,0,0,0,1273,441,832
29,569,0091,608821,0000,000000,KARNATAKA,Udupi,VILLAGE,Kote,Rural,781,3405,1610,1795,319,178,141,162,85,77,9,3,6,2821,1364,1457,584,246,338,1321,907,414,1303,895,408,22,15,7,19,8,11,84,18,66,1178,854,324,18,12,6,1,1,0,3,1,2,0,0,0,14,10,4,17,12,5,1,1,0,3,1,2,0,0,0,13,10,3,1,0,1,0,0,0,0,0,0,0,0,0,1,0,1,2084,703,1381
29,569,0091,608822,0000,000000,KARNATAKA,Udupi,VILLAGE,Kurkalu,Rural,1274,5286,2442,2844,449,244,205,440,215,225,57,28,29,4353,2048,2305,933,394,539,2280,1393,887,2011,1263,748,376,170,206,35,19,16,21,10,11,1579,1064,515,269,130,139,70,26,44,29,10,19,7,3,4,163,91,72,172,94,78,23,12,11,12,5,7,6,3,3,131,74,57,97,36,61,47,14,33,17,5,12,1,0,1,32,17,15,3006,1049,1957
29,569,0091,608823,0000,000000,KARNATAKA,Udupi,VILLAGE,Belle,Rural,1235,4904,2246,2658,392,201,191,555,267,288,128,57,71,3980,1887,2093,924,359,565,2151,1301,850,2041,1266,775,485,259,226,189,80,109,12,9,3,1355,918,437,110,35,75,0,0,0,54,16,38,1,0,1,55,19,36,108,35,73,0,0,0,53,16,37,1,0,1,54,19,35,2,0,2,0,0,0,1,0,1,0,0,0,1,0,1,2753,945,1808
29,569,0091,608824,0000,000000,KARNATAKA,Udupi,VILLAGE,Kattingere,Rural,563,2226,1006,1220,191,95,96,142,68,74,34,15,19,1855,856,999,371,150,221,1056,542,514,1033,533,500,353,162,191,210,82,128,10,7,3,460,282,178,23,9,14,9,2,7,4,1,3,0,0,0,10,6,4,21,7,14,9,2,7,4,1,3,0,0,0,8,4,4,2,2,0,0,0,0,0,0,0,0,0,0,2,2,0,1170,464,706
29,569,0091,608825,0000,000000,KARNATAKA,Udupi,VILLAGE,Shirva,Rural,3183,13396,6328,7068,1084,546,538,915,462,453,424,213,211,11086,5419,5667,2310,909,1401,5719,3545,2174,5264,3305,1959,1221,591,630,470,198,272,204,126,78,3369,2390,979,455,240,215,63,26,37,74,35,39,40,7,33,278,172,106,406,212,194,61,26,35,64,32,32,36,7,29,245,147,98,49,28,21,2,0,2,10,3,7,4,0,4,33,25,8,7677,2783,4894
29,569,0091,608826,0000,000000,KARNATAKA,Udupi,VILLAGE,92 Heroor,Rural,300,1286,578,708,122,64,58,26,16,10,17,9,8,1078,496,582,208,82,126,517,328,189,358,248,110,62,41,21,18,11,7,9,5,4,269,191,78,159,80,79,8,7,1,19,8,11,6,2,4,126,63,63,133,74,59,8,7,1,17,7,10,5,2,3,103,58,45,26,6,20,0,0,0,2,1,1,1,0,1,23,5,18,769,250,519
29,569,0091,608827,0000,000000,KARNATAKA,Udupi,VILLAGE,Padoor,Rural,407,1983,1033,950,141,68,73,31,16,15,41,23,18,1677,916,761,306,117,189,1100,746,354,875,561,314,158,90,68,56,33,23,45,40,5,616,398,218,225,185,40,7,0,7,25,9,16,3,3,0,190,173,17,216,182,34,7,0,7,19,8,11,2,2,0,188,172,16,9,3,6,0,0,0,6,1,5,1,1,0,2,1,1,883,287,596
29,569,0091,608828,0000,000000,KARNATAKA,Udupi,VILLAGE,Majoor,Rural,391,1880,888,992,203,98,105,121,63,58,18,9,9,1548,761,787,332,127,205,828,513,315,780,488,292,86,53,33,46,26,20,2,1,1,646,408,238,48,25,23,5,1,4,7,2,5,0,0,0,36,22,14,45,22,23,4,0,4,7,2,5,0,0,0,34,20,14,3,3,0,1,1,0,0,0,0,0,0,0,2,2,0,1052,375,677
29,569,0091,608829,0000,000000,KARNATAKA,Udupi,VILLAGE,Innanje,Rural,707,3205,1433,1772,253,115,138,199,106,93,61,28,33,2717,1254,1463,488,179,309,1554,882,672,1299,798,501,116,84,32,10,7,3,71,34,37,1102,673,429,255,84,171,8,2,6,23,7,16,9,2,7,215,73,142,194,70,124,6,1,5,20,7,13,6,1,5,162,61,101,61,14,47,2,1,1,3,0,3,3,1,2,53,12,41,1651,551,1100
29,569,0091,608830,0000,000000,KARNATAKA,Udupi,VILLAGE,Pangala,Rural,490,1995,934,1061,139,69,70,225,105,120,25,14,11,1698,829,869,297,105,192,851,557,294,834,551,283,134,74,60,95,49,46,20,18,2,585,410,175,17,6,11,1,1,0,11,3,8,0,0,0,5,2,3,16,6,10,1,1,0,10,3,7,0,0,0,5,2,3,1,0,1,0,0,0,1,0,1,0,0,0,0,0,0,1144,377,767
29,569,0091,608831,0000,000000,KARNATAKA,Udupi,VILLAGE,Uliargoli,Rural,1290,5898,2791,3107,577,328,249,521,252,269,33,15,18,4861,2339,2522,1037,452,585,2378,1556,822,1806,1258,548,72,51,21,33,18,15,40,31,9,1661,1158,503,572,298,274,33,20,13,99,27,72,53,2,51,387,249,138,515,272,243,28,17,11,85,26,59,51,1,50,351,228,123,57,26,31,5,3,2,14,1,13,2,1,1,36,21,15,3520,1235,2285
29,569,0091,608832,0000,000000,KARNATAKA,Udupi,VILLAGE,Padu,Rural,1167,5137,2447,2690,421,231,190,246,109,137,59,37,22,4221,2079,2142,916,368,548,2383,1484,899,2200,1397,803,130,59,71,43,21,22,80,31,49,1947,1286,661,183,87,96,4,3,1,9,4,5,10,3,7,160,77,83,177,84,93,4,3,1,8,4,4,10,3,7,155,74,81,6,3,3,0,0,0,1,0,1,0,0,0,5,3,2,2754,963,1791
29,569,0091,608833,0000,000000,KARNATAKA,Udupi,VILLAGE,Muloor,Rural,667,3087,1415,1672,352,180,172,159,69,90,7,2,5,2596,1205,1391,491,210,281,984,694,290,943,677,266,47,26,21,18,9,9,9,8,1,869,634,235,41,17,24,0,0,0,4,2,2,0,0,0,37,15,22,38,16,22,0,0,0,4,2,2,0,0,0,34,14,20,3,1,2,0,0,0,0,0,0,0,0,0,3,1,2,2103,721,1382
29,569,0091,608834,0000,000000,KARNATAKA,Udupi,VILLAGE,Belpu,Rural,871,4127,1963,2164,457,229,228,311,157,154,26,14,12,3377,1656,1721,750,307,443,1526,1010,516,1391,924,467,105,85,20,8,8,0,38,33,5,1240,798,442,135,86,49,5,3,2,9,0,9,6,5,1,115,78,37,108,74,34,3,2,1,9,0,9,2,2,0,94,70,24,27,12,15,2,1,1,0,0,0,4,3,1,21,8,13,2601,953,1648
29,569,0091,608835,0000,000000,KARNATAKA,Udupi,VILLAGE,108 Kalthur,Rural,661,2851,1316,1535,243,123,120,116,58,58,97,40,57,2430,1141,1289,421,175,246,1236,751,485,1174,725,449,127,89,38,126,79,47,113,43,70,808,514,294,62,26,36,2,0,2,11,0,11,13,6,7,36,20,16,56,26,30,2,0,2,11,0,11,9,6,3,34,20,14,6,0,6,0,0,0,0,0,0,4,0,4,2,0,2,1615,565,1050
29,569,0091,608836,0000,000000,KARNATAKA,Udupi,VILLAGE,Kuthyar,Rural,621,2742,1220,1522,219,113,106,147,51,96,78,44,34,2279,1044,1235,463,176,287,1096,689,407,993,632,361,118,84,34,68,40,28,59,54,5,748,454,294,103,57,46,16,10,6,23,5,18,2,2,0,62,40,22,91,48,43,12,7,5,22,5,17,2,2,0,55,34,21,12,9,3,4,3,1,1,0,1,0,0,0,7,6,1,1646,531,1115
29,569,0091,608837,0000,000000,KARNATAKA,Udupi,VILLAGE,Pilar,Rural,880,3221,1412,1809,256,119,137,230,114,116,151,74,77,2693,1227,1466,528,185,343,1208,780,428,1158,754,404,264,148,116,83,64,19,9,6,3,802,536,266,50,26,24,6,2,4,8,5,3,0,0,0,36,19,17,49,26,23,6,2,4,7,5,2,0,0,0,36,19,17,1,0,1,0,0,0,1,0,1,0,0,0,0,0,0,2013,632,1381
29,569,0091,608838,0000,000000,KARNATAKA,Udupi,VILLAGE,Yellur,Rural,1265,5453,2543,2910,449,238,211,364,170,194,55,28,27,4466,2180,2286,987,363,624,2430,1551,879,1993,1342,651,200,165,35,41,21,20,31,27,4,1721,1129,592,437,209,228,19,2,17,26,8,18,5,2,3,387,197,190,385,180,205,17,1,16,22,7,15,2,1,1,344,171,173,52,29,23,2,1,1,4,1,3,3,1,2,43,26,17,3023,992,2031
29,569,0091,608839,0000,000000,KARNATAKA,Udupi,VILLAGE,Tenka,Rural,947,4226,1983,2243,342,174,168,410,198,212,19,9,10,3609,1752,1857,617,231,386,1786,1163,623,1740,1137,603,93,68,25,75,36,39,23,21,2,1549,1012,537,46,26,20,1,1,0,8,5,3,3,3,0,34,17,17,41,23,18,1,1,0,6,5,1,2,2,0,32,15,17,5,3,2,0,0,0,2,0,2,1,1,0,2,2,0,2440,820,1620
29,569,0091,608840,0000,000000,KARNATAKA,Udupi,VILLAGE,Padebettu,Rural,419,1865,849,1016,146,65,81,167,83,84,39,24,15,1606,757,849,259,92,167,848,521,327,792,504,288,62,43,19,11,4,7,35,31,4,684,426,258,56,17,39,20,3,17,3,2,1,5,2,3,28,10,18,54,16,38,20,3,17,3,2,1,4,2,2,27,9,18,2,1,1,0,0,0,0,0,0,1,0,1,1,1,0,1017,328,689
29,569,0091,608841,0000,000000,KARNATAKA,Udupi,VILLAGE,Hejamadi,Rural,1739,8075,3806,4269,842,447,395,301,153,148,13,4,9,6599,3218,3381,1476,588,888,3390,2209,1181,3254,2154,1100,156,111,45,103,51,52,106,43,63,2889,1949,940,136,55,81,3,1,2,30,2,28,4,1,3,99,51,48,126,51,75,3,1,2,27,2,25,4,1,3,92,47,45,10,4,6,0,0,0,3,0,3,0,0,0,7,4,3,4685,1597,3088
29,569,0091,608842,0000,000000,KARNATAKA,Udupi,VILLAGE,Palimar,Rural,748,3319,1586,1733,282,142,140,218,118,100,29,15,14,2817,1389,1428,502,197,305,1540,1001,539,1385,879,506,129,90,39,33,22,11,85,49,36,1138,718,420,155,122,33,3,2,1,18,7,11,3,1,2,131,112,19,152,119,33,3,2,1,18,7,11,3,1,2,128,109,19,3,3,0,0,0,0,0,0,0,0,0,0,3,3,0,1779,585,1194
29,569,0091,608843,0000,000000,KARNATAKA,Udupi,VILLAGE,Nandicoor,Rural,708,2987,1404,1583,269,141,128,332,160,172,59,30,29,2319,1147,1172,668,257,411,1398,840,558,1185,722,463,95,65,30,46,23,23,51,29,22,993,605,388,213,118,95,4,3,1,11,3,8,5,3,2,193,109,84,152,94,58,4,3,1,9,2,7,5,3,2,134,86,48,61,24,37,0,0,0,2,1,1,0,0,0,59,23,36,1589,564,1025
29,569,0091,608844,0000,000000,KARNATAKA,Udupi,VILLAGE,Santhoor,Rural,609,2461,1118,1343,200,83,117,74,39,35,43,19,24,2012,963,1049,449,155,294,1118,699,419,920,573,347,230,161,69,55,36,19,15,7,8,620,369,251,198,126,72,3,1,2,14,9,5,7,0,7,174,116,58,191,124,67,3,1,2,11,8,3,7,0,7,170,115,55,7,2,5,0,0,0,3,1,2,0,0,0,4,1,3,1343,419,924
29,569,0091,803141,0036,000000,KARNATAKA,Udupi,OG,Moodanidambur (OG) WARD NO.-0036 (Rural MDDS CODE:608860),Urban,144,653,340,313,52,23,29,17,9,8,0,0,0,554,303,251,99,37,62,286,212,74,267,207,60,1,1,0,3,2,1,4,2,2,259,202,57,19,5,14,0,0,0,0,0,0,1,1,0,18,4,14,18,4,14,0,0,0,0,0,0,1,1,0,17,3,14,1,1,0,0,0,0,0,0,0,0,0,0,1,1,0,367,128,239
29,569,0091,803141,0037,000000,KARNATAKA,Udupi,OG,Ambalpady (OG) WARD NO.-0037 (Rural MDDS CODE:608861),Urban,429,2054,993,1061,151,80,71,303,145,158,14,8,6,1796,894,902,258,99,159,839,596,243,815,585,230,11,8,3,7,5,2,5,3,2,792,569,223,24,11,13,0,0,0,0,0,0,0,0,0,24,11,13,18,8,10,0,0,0,0,0,0,0,0,0,18,8,10,6,3,3,0,0,0,0,0,0,0,0,0,6,3,3,1215,397,818
29,569,0091,803141,0038,000000,KARNATAKA,Udupi,OG,Kidiyoor (OG) WARD NO.-0038 (Rural MDDS CODE:608862),Urban,930,4639,2299,2340,389,185,204,251,112,139,16,9,7,3852,1986,1866,787,313,474,1890,1393,497,1841,1369,472,19,13,6,13,8,5,30,7,23,1779,1341,438,49,24,25,0,0,0,1,1,0,2,1,1,46,22,24,34,22,12,0,0,0,1,1,0,1,1,0,32,20,12,15,2,13,0,0,0,0,0,0,1,0,1,14,2,12,2749,906,1843
29,569,0091,803141,0039,000000,KARNATAKA,Udupi,OG,Kadekar (OG) WARD NO.-0039 (Rural MDDS CODE:608863),Urban,990,4720,2296,2424,375,185,190,569,267,302,66,33,33,3929,1984,1945,791,312,479,2153,1461,692,2055,1407,648,36,24,12,31,12,19,31,13,18,1957,1358,599,98,54,44,7,1,6,2,0,2,3,1,2,86,52,34,80,47,33,7,1,6,2,0,2,3,1,2,68,45,23,18,7,11,0,0,0,0,0,0,0,0,0,18,7,11,2567,835,1732
29,569,0091,803141,0040,000000,KARNATAKA,Udupi,OG,Kuthpady  (OG) WARD NO.-0040 (Rural MDDS CODE:608864),Urban,680,3434,1677,1757,300,156,144,135,73,62,5,1,4,2894,1462,1432,540,215,325,1528,1034,494,1499,1017,482,21,18,3,31,12,19,20,6,14,1427,981,446,29,17,12,11,7,4,6,3,3,1,0,1,11,7,4,26,16,10,10,6,4,5,3,2,1,0,1,10,7,3,3,1,2,1,1,0,1,0,1,0,0,0,1,0,1,1906,643,1263
29,569,0091,803141,0041,000000,KARNATAKA,Udupi,OG,Kelarkalabettu (OG) WARD NO.-0041 (Rural MDDS CODE:608859),Urban,938,4154,2040,2114,323,172,151,538,248,290,146,69,77,3609,1803,1806,545,237,308,1814,1271,543,1260,928,332,26,18,8,43,32,11,13,5,8,1178,873,305,554,343,211,3,3,0,21,10,11,0,0,0,530,330,200,497,291,206,3,3,0,20,10,10,0,0,0,474,278,196,57,52,5,0,0,0,1,0,1,0,0,0,56,52,4,2340,769,1571
29,569,0091,608845,0000,000000,KARNATAKA,Udupi,TOWN,Varamballi (CT),Urban,1570,6809,3305,3504,630,336,294,480,228,252,92,51,41,5673,2815,2858,1136,490,646,2744,1942,802,2445,1758,687,91,67,24,93,48,45,36,22,14,2225,1621,604,299,184,115,8,2,6,66,37,29,11,5,6,214,140,74,225,146,79,8,2,6,61,37,24,7,4,3,149,103,46,74,38,36,0,0,0,5,0,5,4,1,3,65,37,28,4065,1363,2702
29,569,0091,608846,0000,000000,KARNATAKA,Udupi,TOWN,52 Heroor (CT),Urban,1144,4778,2359,2419,378,185,193,218,109,109,132,69,63,4046,2082,1964,732,277,455,1997,1442,555,1870,1346,524,120,84,36,42,34,8,79,43,36,1629,1185,444,127,96,31,5,4,1,6,2,4,14,8,6,102,82,20,119,93,26,5,4,1,5,2,3,14,8,6,95,79,16,8,3,5,0,0,0,1,0,1,0,0,0,7,3,4,2781,917,1864
29,569,0091,608847,0000,000000,KARNATAKA,Udupi,TOWN,Tonse East (CT),Urban,1869,7911,3758,4153,635,331,304,478,230,248,95,44,51,6696,3259,3437,1215,499,716,2871,2047,824,2726,1929,797,51,37,14,27,21,6,21,4,17,2627,1867,760,145,118,27,0,0,0,4,4,0,0,0,0,141,114,27,137,110,27,0,0,0,4,4,0,0,0,0,133,106,27,8,8,0,0,0,0,0,0,0,0,0,0,8,8,0,5040,1711,3329
29,569,0091,608848,0000,000000,KARNATAKA,Udupi,TOWN,Tenkanidyoor (CT),Urban,1476,6188,2966,3222,478,229,249,205,104,101,20,12,8,5356,2638,2718,832,328,504,2595,1844,751,2484,1769,715,62,47,15,71,53,18,35,27,8,2316,1642,674,111,75,36,12,7,5,2,1,1,1,1,0,96,66,30,101,70,31,12,7,5,2,1,1,1,1,0,86,61,25,10,5,5,0,0,0,0,0,0,0,0,0,10,5,5,3593,1122,2471
29,569,0091,608849,0000,000000,KARNATAKA,Udupi,TOWN,Korangrapady (CT),Urban,1147,4944,2424,2520,449,232,217,587,283,304,174,90,84,4090,2070,2020,854,354,500,2224,1510,714,2021,1394,627,118,69,49,10,5,5,76,21,55,1817,1299,518,203,116,87,2,0,2,35,21,14,12,7,5,154,88,66,194,109,85,2,0,2,33,20,13,12,7,5,147,82,65,9,7,2,0,0,0,2,1,1,0,0,0,7,6,1,2720,914,1806
29,569,0091,608850,0000,000000,KARNATAKA,Udupi,TOWN,Badagabettu (No.80) (CT),Urban,2103,9309,4895,4414,720,363,357,522,267,255,1110,549,561,7857,4291,3566,1452,604,848,3796,2494,1302,3714,2454,1260,189,119,70,57,40,17,28,25,3,3440,2270,1170,82,40,42,13,3,10,5,2,3,2,1,1,62,34,28,65,34,31,6,2,4,2,1,1,2,1,1,55,30,25,17,6,11,7,1,6,3,1,2,0,0,0,7,4,3,5513,2401,3112
29,569,0091,608851,0000,000000,KARNATAKA,Udupi,TOWN,Alevoor (CT),Urban,1433,6302,3191,3111,589,300,289,357,184,173,840,412,428,4989,2637,2352,1313,554,759,3151,2048,1103,3006,1964,1042,108,69,39,100,50,50,95,30,65,2703,1815,888,145,84,61,5,3,2,25,11,14,9,4,5,106,66,40,128,73,55,4,3,1,20,8,12,9,4,5,95,58,37,17,11,6,1,0,1,5,3,2,0,0,0,11,8,3,3151,1143,2008
29,569,0091,608852,0000,000000,KARNATAKA,Udupi,TOWN,Udyavara (CT),Urban,2720,11854,5582,6272,971,505,466,559,274,285,75,37,38,9991,4851,5140,1863,731,1132,4565,3192,1373,4007,2778,1229,65,49,16,63,37,26,66,53,13,3813,2639,1174,558,414,144,8,2,6,34,25,9,8,5,3,508,382,126,302,207,95,8,2,6,13,9,4,6,3,3,275,193,82,256,207,49,0,0,0,21,16,5,2,2,0,233,189,44,7289,2390,4899
29,569,0091,608853,0000,000000,KARNATAKA,Udupi,TOWN,Manipura (CT),Urban,1091,5001,2367,2634,480,220,260,189,91,98,352,173,179,4080,2033,2047,921,334,587,1936,1395,541,1804,1323,481,125,84,41,42,25,17,16,10,6,1621,1204,417,132,72,60,3,3,0,30,10,20,0,0,0,99,59,40,125,72,53,3,3,0,27,10,17,0,0,0,95,59,36,7,0,7,0,0,0,3,0,3,0,0,0,4,0,4,3065,972,2093
29,569,0091,608854,0000,000000,KARNATAKA,Udupi,TOWN,Yenagudde (CT),Urban,1153,5017,2405,2612,474,233,241,190,99,91,23,10,13,4262,2094,2168,755,311,444,1921,1404,517,1851,1352,499,55,41,14,27,18,9,14,10,4,1755,1283,472,70,52,18,6,5,1,27,15,12,0,0,0,37,32,5,64,50,14,6,5,1,23,14,9,0,0,0,35,31,4,6,2,4,0,0,0,4,1,3,0,0,0,2,1,1,3096,1001,2095
29,569,0091,608855,0000,000000,KARNATAKA,Udupi,TOWN,Moodabettu (CT),Urban,1214,5018,2383,2635,450,238,212,458,221,237,34,17,17,4254,2044,2210,764,339,425,2233,1402,831,2183,1383,800,249,119,130,88,43,45,107,56,51,1739,1165,574,50,19,31,7,2,5,2,1,1,7,2,5,34,14,20,30,14,16,5,2,3,1,1,0,3,0,3,21,11,10,20,5,15,2,0,2,1,0,1,4,2,2,13,3,10,2785,981,1804
29,569,0091,608856,0000,000000,KARNATAKA,Udupi,TOWN,Mallar (CT),Urban,1524,7765,3691,4074,901,463,438,749,374,375,95,46,49,6357,3078,3279,1408,613,795,3035,2020,1015,2823,1885,938,90,36,54,73,45,28,219,41,178,2441,1763,678,212,135,77,5,3,2,10,7,3,25,9,16,172,116,56,170,114,56,5,3,2,7,6,1,23,8,15,135,97,38,42,21,21,0,0,0,3,1,2,2,1,1,37,19,18,4730,1671,3059
29,569,0091,608857,0000,000000,KARNATAKA,Udupi,TOWN,Bada (CT),Urban,1757,8117,3789,4328,874,444,430,154,83,71,78,42,36,6734,3212,3522,1383,577,806,3145,2094,1051,3002,2022,980,79,41,38,11,5,6,17,10,7,2895,1966,929,143,72,71,12,7,5,4,1,3,5,0,5,122,64,58,134,68,66,11,7,4,4,1,3,5,0,5,114,60,54,9,4,5,1,0,1,0,0,0,0,0,0,8,4,4,4972,1695,3277
29,569,0091,608858,0000,000000,KARNATAKA,Udupi,TOWN,Nadsal (CT),Urban,2447,11611,5735,5876,1129,597,532,907,463,444,106,55,51,9892,4987,4905,1719,748,971,4746,3293,1453,3870,2681,1189,68,56,12,27,17,10,74,35,39,3701,2573,1128,876,612,264,19,12,7,24,13,11,58,7,51,775,580,195,809,567,242,19,12,7,21,13,8,52,7,45,717,535,182,67,45,22,0,0,0,3,0,3,6,0,6,58,45,13,6865,2442,4423
29,569,0092,000000,0000,000000,KARNATAKA,Udupi,CD BLOCK,Karkal ,Total,41881,190291,90964,99327,16809,8610,8199,18083,8992,9091,11562,5825,5737,148873,74494,74379,41418,16470,24948,94774,55249,39525,88684,52563,36121,14307,9044,5263,7789,5053,2736,1310,883,427,65278,37583,27695,6090,2686,3404,987,344,643,1497,590,907,213,83,130,3393,1669,1724,5233,2341,2892,836,299,537,1280,524,756,164,64,100,2953,1454,1499,857,345,512,151,45,106,217,66,151,49,19,30,440,215,225,95517,35715,59802
29,569,0092,000000,0000,000000,KARNATAKA,Udupi,CD BLOCK,Karkal ,Rural,40399,183410,87681,95729,16223,8315,7908,17464,8681,8783,11421,5754,5667,143149,71689,71460,40261,15992,24269,91545,53350,38195,85626,50792,34834,14100,8890,5210,7737,5022,2715,1296,871,425,62493,36009,26484,5919,2558,3361,950,316,634,1476,581,895,212,82,130,3281,1579,1702,5097,2238,2859,805,274,531,1259,515,744,164,64,100,2869,1385,1484,822,320,502,145,42,103,217,66,151,48,18,30,412,194,218,91865,34331,57534
29,569,0092,000000,0000,000000,KARNATAKA,Udupi,CD BLOCK,Karkal ,Urban,1482,6881,3283,3598,586,295,291,619,311,308,141,71,70,5724,2805,2919,1157,478,679,3229,1899,1330,3058,1771,1287,207,154,53,52,31,21,14,12,2,2785,1574,1211,171,128,43,37,28,9,21,9,12,1,1,0,112,90,22,136,103,33,31,25,6,21,9,12,0,0,0,84,69,15,35,25,10,6,3,3,0,0,0,1,1,0,28,21,7,3652,1384,2268
29,569,0092,608865,0000,000000,KARNATAKA,Udupi,VILLAGE,Belenje,Rural,390,1997,976,1021,170,92,78,84,39,45,278,151,127,1402,740,662,595,236,359,1159,662,497,949,580,369,141,94,47,59,31,28,0,0,0,749,455,294,210,82,128,52,12,40,35,16,19,0,0,0,123,54,69,168,60,108,52,12,40,32,14,18,0,0,0,84,34,50,42,22,20,0,0,0,3,2,1,0,0,0,39,20,19,838,314,524
29,569,0092,608866,0000,000000,KARNATAKA,Udupi,VILLAGE,Kuchchur,Rural,458,2354,1180,1174,209,106,103,27,17,10,347,182,165,1795,961,834,559,219,340,1132,766,366,1096,751,345,204,163,41,128,74,54,14,8,6,750,506,244,36,15,21,4,3,1,18,6,12,4,0,4,10,6,4,35,14,21,4,3,1,18,6,12,4,0,4,9,5,4,1,1,0,0,0,0,0,0,0,0,0,0,1,1,0,1222,414,808
29,569,0092,608867,0000,000000,KARNATAKA,Udupi,VILLAGE,Nadpalu,Rural,563,2478,1172,1306,230,115,115,112,60,52,291,152,139,1846,928,918,632,244,388,1268,789,479,1244,776,468,254,200,54,265,199,66,5,3,2,720,374,346,24,13,11,3,2,1,6,2,4,0,0,0,15,9,6,18,10,8,1,1,0,3,1,2,0,0,0,14,8,6,6,3,3,2,1,1,3,1,2,0,0,0,1,1,0,1210,383,827
29,569,0092,608868,0000,000000,KARNATAKA,Udupi,VILLAGE,Hebri,Rural,1302,6006,3007,2999,511,275,236,336,182,154,873,444,429,4752,2488,2264,1254,519,735,2896,1806,1090,2676,1734,942,311,198,113,204,139,65,27,23,4,2134,1374,760,220,72,148,98,34,64,73,25,48,4,1,3,45,12,33,175,59,116,90,30,60,46,18,28,4,1,3,35,10,25,45,13,32,8,4,4,27,7,20,0,0,0,10,2,8,3110,1201,1909
29,569,0092,608869,0000,000000,KARNATAKA,Udupi,VILLAGE,Chara,Rural,1054,5065,2479,2586,429,208,221,294,148,146,697,351,346,3830,2006,1824,1235,473,762,2444,1423,1021,2213,1378,835,351,189,162,192,137,55,23,13,10,1647,1039,608,231,45,186,3,1,2,16,6,10,0,0,0,212,38,174,230,44,186,3,1,2,16,6,10,0,0,0,211,37,174,1,1,0,0,0,0,0,0,0,0,0,0,1,1,0,2621,1056,1565
29,569,0092,608870,0000,000000,KARNATAKA,Udupi,VILLAGE,Kerebettu,Rural,162,883,450,433,85,52,33,46,24,22,80,43,37,659,350,309,224,100,124,437,294,143,409,287,122,81,67,14,74,54,20,1,1,0,253,165,88,28,7,21,0,0,0,18,3,15,1,1,0,9,3,6,28,7,21,0,0,0,18,3,15,1,1,0,9,3,6,0,0,0,0,0,0,0,0,0,0,0,0,0,0,0,446,156,290
29,569,0092,608871,0000,000000,KARNATAKA,Udupi,VILLAGE,Shivapura,Rural,852,4084,2044,2040,343,170,173,306,153,153,513,266,247,3197,1698,1499,887,346,541,2138,1357,781,2114,1346,768,365,256,109,83,42,41,5,5,0,1661,1043,618,24,11,13,2,0,2,3,0,3,0,0,0,19,11,8,22,9,13,2,0,2,3,0,3,0,0,0,17,9,8,2,2,0,0,0,0,0,0,0,0,0,0,2,2,0,1946,687,1259
29,569,0092,608872,0000,000000,KARNATAKA,Udupi,VILLAGE,Mudrady,Rural,973,4295,2044,2251,348,188,160,243,112,131,317,160,157,3391,1662,1729,904,382,522,2379,1293,1086,2168,1221,947,474,250,224,263,171,92,14,12,2,1417,788,629,211,72,139,52,22,30,72,7,65,6,0,6,81,43,38,142,62,80,39,20,19,29,5,24,4,0,4,70,37,33,69,10,59,13,2,11,43,2,41,2,0,2,11,6,5,1916,751,1165
29,569,0092,608873,0000,000000,KARNATAKA,Udupi,VILLAGE,Kabbinale,Rural,302,1407,711,696,113,61,52,51,24,27,366,181,185,1073,571,502,334,140,194,818,476,342,800,466,334,258,169,89,229,168,61,1,0,1,312,129,183,18,10,8,0,0,0,12,6,6,0,0,0,6,4,2,15,8,7,0,0,0,10,5,5,0,0,0,5,3,2,3,2,1,0,0,0,2,1,1,0,0,0,1,1,0,589,235,354
29,569,0092,608874,0000,000000,KARNATAKA,Udupi,VILLAGE,Varanga,Rural,812,4011,1892,2119,332,172,160,262,126,136,398,203,195,3008,1502,1506,1003,390,613,2020,1175,845,1910,1148,762,321,181,140,77,67,10,27,21,6,1485,879,606,110,27,83,74,15,59,11,4,7,0,0,0,25,8,17,67,15,52,42,6,36,8,4,4,0,0,0,17,5,12,43,12,31,32,9,23,3,0,3,0,0,0,8,3,5,1991,717,1274
29,569,0092,608875,0000,000000,KARNATAKA,Udupi,VILLAGE,Padukudoor,Rural,155,725,319,406,51,20,31,134,61,73,2,1,1,551,270,281,174,49,125,389,193,196,389,193,196,143,74,69,69,47,22,3,3,0,174,69,105,0,0,0,0,0,0,0,0,0,0,0,0,0,0,0,0,0,0,0,0,0,0,0,0,0,0,0,0,0,0,0,0,0,0,0,0,0,0,0,0,0,0,0,0,0,336,126,210
29,569,0092,608876,0000,000000,KARNATAKA,Udupi,VILLAGE,Yellare,Rural,312,1583,776,807,141,71,70,133,56,77,301,154,147,1214,625,589,369,151,218,748,489,259,744,485,259,173,118,55,192,144,48,24,24,0,355,199,156,4,4,0,0,0,0,3,3,0,0,0,0,1,1,0,4,4,0,0,0,0,3,3,0,0,0,0,1,1,0,0,0,0,0,0,0,0,0,0,0,0,0,0,0,0,835,287,548
29,569,0092,608877,0000,000000,KARNATAKA,Udupi,VILLAGE,Kukkuje,Rural,316,1438,672,766,122,56,66,206,100,106,156,77,79,1059,535,524,379,137,242,749,425,324,670,388,282,155,73,82,69,37,32,2,0,2,444,278,166,79,37,42,24,12,12,20,8,12,9,3,6,26,14,12,65,28,37,20,9,11,14,3,11,9,3,6,22,13,9,14,9,5,4,3,1,6,5,1,0,0,0,4,1,3,689,247,442
29,569,0092,608878,0000,000000,KARNATAKA,Udupi,VILLAGE,Kadthala,Rural,487,2349,1159,1190,197,99,98,370,202,168,271,136,135,1788,932,856,561,227,334,1202,732,470,1170,721,449,237,145,92,210,165,45,31,22,9,692,389,303,32,11,21,1,0,1,9,2,7,16,5,11,6,4,2,31,11,20,1,0,1,9,2,7,15,5,10,6,4,2,1,0,1,0,0,0,0,0,0,1,0,1,0,0,0,1147,427,720
29,569,0092,608879,0000,000000,KARNATAKA,Udupi,VILLAGE,Marne,Rural,1681,7766,3821,3945,736,390,346,549,277,272,709,373,336,6141,3167,2974,1625,654,971,3817,2325,1492,3479,2212,1267,626,405,221,286,206,80,90,65,25,2477,1536,941,338,113,225,90,24,66,81,37,44,24,6,18,143,46,97,250,81,169,80,22,58,49,19,30,17,3,14,104,37,67,88,32,56,10,2,8,32,18,14,7,3,4,39,9,30,3949,1496,2453
29,569,0092,608880,0000,000000,KARNATAKA,Udupi,VILLAGE,Yerlapady,Rural,982,4712,2276,2436,455,246,209,569,291,278,108,57,51,3423,1746,1677,1289,530,759,2420,1369,1051,2293,1323,970,476,274,202,270,183,87,41,39,2,1506,827,679,127,46,81,47,11,36,30,16,14,1,0,1,49,19,30,101,37,64,34,8,26,23,12,11,1,0,1,43,17,26,26,9,17,13,3,10,7,4,3,0,0,0,6,2,4,2292,907,1385
29,569,0092,608881,0000,000000,KARNATAKA,Udupi,VILLAGE,Hirgana,Rural,1128,5019,2325,2694,415,218,197,275,135,140,293,146,147,3961,1920,2041,1058,405,653,2423,1412,1011,2411,1406,1005,433,270,163,251,138,113,19,16,3,1708,982,726,12,6,6,2,1,1,1,0,1,0,0,0,9,5,4,9,3,6,1,0,1,1,0,1,0,0,0,7,3,4,3,3,0,1,1,0,0,0,0,0,0,0,2,2,0,2596,913,1683
29,569,0092,608882,0000,000000,KARNATAKA,Udupi,VILLAGE,Hermunde,Rural,307,1463,732,731,124,75,49,101,53,48,125,53,72,1126,577,549,337,155,182,730,419,311,712,409,303,114,79,35,107,72,35,17,16,1,474,242,232,18,10,8,1,1,0,8,4,4,0,0,0,9,5,4,18,10,8,1,1,0,8,4,4,0,0,0,9,5,4,0,0,0,0,0,0,0,0,0,0,0,0,0,0,0,733,313,420
29,569,0092,608883,0000,000000,KARNATAKA,Udupi,VILLAGE,Andaru,Rural,507,2358,1138,1220,234,114,120,158,84,74,426,218,208,1786,934,852,572,204,368,1325,746,579,1317,740,577,273,174,99,303,149,154,11,4,7,730,413,317,8,6,2,2,1,1,3,2,1,0,0,0,3,3,0,7,5,2,1,0,1,3,2,1,0,0,0,3,3,0,1,1,0,1,1,0,0,0,0,0,0,0,0,0,0,1033,392,641
29,569,0092,608884,0000,000000,KARNATAKA,Udupi,VILLAGE,Shirlal,Rural,524,2251,1048,1203,177,93,84,86,50,36,293,146,147,1675,826,849,576,222,354,1205,629,576,1094,561,533,354,229,125,55,42,13,13,11,2,672,279,393,111,68,43,8,0,8,56,36,20,0,0,0,47,32,15,105,67,38,5,0,5,54,35,19,0,0,0,46,32,14,6,1,5,3,0,3,2,1,1,0,0,0,1,0,1,1046,419,627
29,569,0092,608885,0000,000000,KARNATAKA,Udupi,VILLAGE,Jarkala,Rural,171,896,438,458,82,41,41,77,46,31,0,0,0,711,364,347,185,74,111,481,301,180,472,296,176,95,78,17,92,71,21,1,1,0,284,146,138,9,5,4,2,1,1,7,4,3,0,0,0,0,0,0,9,5,4,2,1,1,7,4,3,0,0,0,0,0,0,0,0,0,0,0,0,0,0,0,0,0,0,0,0,0,415,137,278
29,569,0092,608886,0000,000000,KARNATAKA,Udupi,VILLAGE,Kervashe,Rural,627,3018,1490,1528,324,158,166,247,119,128,272,127,145,2264,1185,1079,754,305,449,1595,959,636,1110,710,400,200,180,20,79,66,13,8,7,1,823,457,366,485,249,236,56,7,49,120,69,51,44,20,24,265,153,112,353,205,148,41,5,36,102,65,37,24,14,10,186,121,65,132,44,88,15,2,13,18,4,14,20,6,14,79,32,47,1423,531,892
29,569,0092,608887,0000,000000,KARNATAKA,Udupi,VILLAGE,Mala,Rural,1338,5998,2920,3078,565,317,248,752,369,383,507,247,260,4424,2255,2169,1574,665,909,3309,1875,1434,3146,1845,1301,389,310,79,470,332,138,43,40,3,2244,1163,1081,163,30,133,6,2,4,39,6,33,7,2,5,111,20,91,154,24,130,6,2,4,36,5,31,6,1,5,106,16,90,9,6,3,0,0,0,3,1,2,1,1,0,5,4,1,2689,1045,1644
29,569,0092,608888,0000,000000,KARNATAKA,Udupi,VILLAGE,Kanajaru,Rural,587,2626,1280,1346,200,103,97,169,86,83,102,54,48,2065,1077,988,561,203,358,1361,862,499,1345,855,490,422,235,187,256,178,78,67,18,49,600,424,176,16,7,9,2,2,0,3,1,2,0,0,0,11,4,7,15,7,8,2,2,0,3,1,2,0,0,0,10,4,6,1,0,1,0,0,0,0,0,0,0,0,0,1,0,1,1265,418,847
29,569,0092,608889,0000,000000,KARNATAKA,Udupi,VILLAGE,Neere,Rural,718,3053,1453,1600,251,125,126,329,168,161,23,13,10,2522,1241,1281,531,212,319,1385,882,503,1206,804,402,217,126,91,121,85,36,58,45,13,810,548,262,179,78,101,11,6,5,98,46,52,7,3,4,63,23,40,177,78,99,11,6,5,98,46,52,7,3,4,61,23,38,2,0,2,0,0,0,0,0,0,0,0,0,2,0,2,1668,571,1097
29,569,0092,608890,0000,000000,KARNATAKA,Udupi,VILLAGE,Bailoor,Rural,237,1185,536,649,106,50,56,63,32,31,6,3,3,950,461,489,235,75,160,477,321,156,474,321,153,182,106,76,52,28,24,13,4,9,227,183,44,3,0,3,2,0,2,1,0,1,0,0,0,0,0,0,3,0,3,2,0,2,1,0,1,0,0,0,0,0,0,0,0,0,0,0,0,0,0,0,0,0,0,0,0,0,708,215,493
29,569,0092,608891,0000,000000,KARNATAKA,Udupi,VILLAGE,Kowdoor,Rural,952,4206,1929,2277,338,164,174,592,282,310,186,82,104,3337,1610,1727,869,319,550,1952,1148,804,1816,1071,745,501,255,246,269,157,112,56,54,2,990,605,385,136,77,59,69,47,22,43,20,23,5,0,5,19,10,9,130,74,56,69,47,22,41,20,21,4,0,4,16,7,9,6,3,3,0,0,0,2,0,2,1,0,1,3,3,0,2254,781,1473
29,569,0092,608892,0000,000000,KARNATAKA,Udupi,VILLAGE,Ninjoor,Rural,448,2092,993,1099,149,78,71,215,119,96,36,17,19,1715,837,878,377,156,221,923,597,326,890,582,308,191,117,74,118,65,53,9,8,1,572,392,180,33,15,18,6,1,5,19,7,12,0,0,0,8,7,1,33,15,18,6,1,5,19,7,12,0,0,0,8,7,1,0,0,0,0,0,0,0,0,0,0,0,0,0,0,0,1169,396,773
29,569,0092,608893,0000,000000,KARNATAKA,Udupi,VILLAGE,Palli,Rural,799,3514,1679,1835,336,174,162,369,187,182,385,195,190,2686,1345,1341,828,334,494,1695,997,698,1613,946,667,421,229,192,162,85,77,52,38,14,978,594,384,82,51,31,4,3,1,16,6,10,6,5,1,56,37,19,75,48,27,4,3,1,16,6,10,5,4,1,50,35,15,7,3,4,0,0,0,0,0,0,1,1,0,6,2,4,1819,682,1137
29,569,0092,608894,0000,000000,KARNATAKA,Udupi,VILLAGE,Kallya,Rural,868,3864,1824,2040,363,200,163,438,232,206,376,181,195,3004,1458,1546,860,366,494,1963,1080,883,1921,1064,857,328,175,153,106,64,42,24,13,11,1463,812,651,42,16,26,7,1,6,5,1,4,0,0,0,30,14,16,30,10,20,6,0,6,4,1,3,0,0,0,20,9,11,12,6,6,1,1,0,1,0,1,0,0,0,10,5,5,1901,744,1157
29,569,0092,608895,0000,000000,KARNATAKA,Udupi,VILLAGE,Kukkundoor,Rural,3030,13180,6390,6790,1261,624,637,1328,654,674,374,200,174,10545,5322,5223,2635,1068,1567,5633,3586,2047,5453,3500,1953,519,340,179,69,35,34,102,70,32,4763,3055,1708,180,86,94,11,3,8,3,2,1,3,2,1,163,79,84,164,76,88,11,3,8,3,2,1,2,1,1,148,70,78,16,10,6,0,0,0,0,0,0,1,1,0,15,9,6,7547,2804,4743
29,569,0092,608896,0000,000000,KARNATAKA,Udupi,VILLAGE,Nitte,Rural,2577,12354,6002,6352,994,497,497,1383,685,698,249,123,126,10218,5141,5077,2136,861,1275,5229,3045,2184,5065,2949,2116,512,317,195,209,132,77,50,34,16,4294,2466,1828,164,96,68,7,5,2,14,7,7,1,1,0,142,83,59,148,84,64,7,5,2,12,6,6,1,1,0,128,72,56,16,12,4,0,0,0,2,1,1,0,0,0,14,11,3,7125,2957,4168
29,569,0092,608897,0000,000000,KARNATAKA,Udupi,VILLAGE,Nandalike,Rural,894,3726,1728,1998,363,188,175,548,284,264,8,5,3,2934,1395,1539,792,333,459,1678,1011,667,1591,963,628,182,106,76,74,41,33,45,19,26,1290,797,493,87,48,39,1,1,0,1,1,0,8,5,3,77,41,36,87,48,39,1,1,0,1,1,0,8,5,3,77,41,36,0,0,0,0,0,0,0,0,0,0,0,0,0,0,0,2048,717,1331
29,569,0092,608898,0000,000000,KARNATAKA,Udupi,VILLAGE,Sooda,Rural,537,2147,983,1164,166,83,83,166,87,79,130,58,72,1721,824,897,426,159,267,974,590,384,850,514,336,243,141,102,61,27,34,2,2,0,544,344,200,124,76,48,2,0,2,73,42,31,0,0,0,49,34,15,114,72,42,1,0,1,64,38,26,0,0,0,49,34,15,10,4,6,1,0,1,9,4,5,0,0,0,0,0,0,1173,393,780
29,569,0092,608899,0000,000000,KARNATAKA,Udupi,VILLAGE,Belman,Rural,1220,5045,2341,2704,448,242,206,383,184,199,147,77,70,4117,1946,2171,928,395,533,2266,1363,903,2043,1266,777,308,185,123,202,99,103,109,24,85,1424,958,466,223,97,126,72,18,54,20,8,12,9,4,5,122,67,55,163,77,86,52,15,37,15,8,7,8,4,4,88,50,38,60,20,40,20,3,17,5,0,5,1,0,1,34,17,17,2779,978,1801
29,569,0092,608900,0000,000000,KARNATAKA,Udupi,VILLAGE,Inna,Rural,865,3523,1561,1962,312,155,157,77,34,43,116,61,55,2805,1307,1498,718,254,464,1664,879,785,1346,746,600,199,121,78,107,39,68,37,31,6,1003,555,448,318,133,185,42,18,24,40,17,23,16,9,7,220,89,131,314,132,182,42,18,24,39,17,22,15,9,6,218,88,130,4,1,3,0,0,0,1,0,1,1,0,1,2,1,1,1859,682,1177
29,569,0092,608901,0000,000000,KARNATAKA,Udupi,VILLAGE,Mulladka,Rural,310,1353,627,726,114,60,54,107,53,54,87,41,46,1081,524,557,272,103,169,659,387,272,612,349,263,94,58,36,30,12,18,37,21,16,451,258,193,47,38,9,1,1,0,3,3,0,2,1,1,41,33,8,41,34,7,1,1,0,3,3,0,2,1,1,35,29,6,6,4,2,0,0,0,0,0,0,0,0,0,6,4,2,694,240,454
29,569,0092,608902,0000,000000,KARNATAKA,Udupi,VILLAGE,Mundkuru,Rural,1340,5747,2581,3166,499,227,272,398,172,226,112,61,51,4664,2217,2447,1083,364,719,2946,1555,1391,2726,1431,1295,436,248,188,227,103,124,64,37,27,1999,1043,956,220,124,96,12,6,6,77,34,43,11,2,9,120,82,38,207,119,88,12,6,6,74,34,40,9,2,7,112,77,35,13,5,8,0,0,0,3,0,3,2,0,2,8,5,3,2801,1026,1775
29,569,0092,608903,0000,000000,KARNATAKA,Udupi,VILLAGE,Bola,Rural,938,3914,1776,2138,343,176,167,367,176,191,50,25,25,3062,1437,1625,852,339,513,2240,1114,1126,1870,950,920,284,166,118,65,38,27,25,18,7,1496,728,768,370,164,206,46,16,30,192,56,136,22,11,11,110,81,29,314,132,182,41,14,27,169,47,122,12,5,7,92,66,26,56,32,24,5,2,3,23,9,14,10,6,4,18,15,3,1674,662,1012
29,569,0092,608904,0000,000000,KARNATAKA,Udupi,VILLAGE,Kedinje,Rural,191,864,420,444,83,42,41,50,27,23,5,2,3,729,360,369,135,60,75,408,252,156,377,240,137,13,9,4,5,4,1,6,5,1,353,222,131,31,12,19,4,2,2,11,2,9,0,0,0,16,8,8,27,11,16,4,2,2,10,2,8,0,0,0,13,7,6,4,1,3,0,0,0,1,0,1,0,0,0,3,1,2,456,168,288
29,569,0092,608905,0000,000000,KARNATAKA,Udupi,VILLAGE,Kanthavara,Rural,753,3350,1571,1779,252,132,120,335,172,163,130,65,65,2637,1292,1345,713,279,434,1959,1041,918,1820,963,857,384,229,155,383,298,85,9,7,2,1044,429,615,139,78,61,8,2,6,18,4,14,0,0,0,113,72,41,130,73,57,7,2,5,17,4,13,0,0,0,106,67,39,9,5,4,1,0,1,1,0,1,0,0,0,7,5,2,1391,530,861
29,569,0092,608906,0000,000000,KARNATAKA,Udupi,VILLAGE,Miyar,Rural,1700,7318,3538,3780,672,344,328,1038,520,518,138,73,65,5783,2918,2865,1535,620,915,3829,2206,1623,3596,2086,1510,534,309,225,172,126,46,26,13,13,2864,1638,1226,233,120,113,30,12,18,29,14,15,3,0,3,171,94,77,210,110,100,23,8,15,25,13,12,3,0,3,159,89,70,23,10,13,7,4,3,4,1,3,0,0,0,12,5,7,3489,1332,2157
29,569,0092,608907,0000,000000,KARNATAKA,Udupi,VILLAGE,Durga,Rural,737,3383,1646,1737,301,156,145,343,169,174,494,230,264,2621,1322,1299,762,324,438,1780,1079,701,1676,1042,634,77,61,16,44,33,11,4,4,0,1551,944,607,104,37,67,0,0,0,12,0,12,0,0,0,92,37,55,100,34,66,0,0,0,12,0,12,0,0,0,88,34,54,4,3,1,0,0,0,0,0,0,0,0,0,4,3,1,1603,567,1036
29,569,0092,608908,0000,000000,KARNATAKA,Udupi,VILLAGE,Mudar,Rural,1356,6088,2894,3194,571,302,269,910,427,483,174,87,87,4644,2306,2338,1444,588,856,2958,1679,1279,2862,1619,1243,294,211,83,188,117,71,54,46,8,2326,1245,1081,96,60,36,5,2,3,30,10,20,1,0,1,60,48,12,93,57,36,5,2,3,30,10,20,1,0,1,57,45,12,3,3,0,0,0,0,0,0,0,0,0,0,3,3,0,3130,1215,1915
29,569,0092,608909,0000,000000,KARNATAKA,Udupi,VILLAGE,Nooralbettu,Rural,482,2367,1145,1222,239,113,126,211,102,109,112,57,55,1811,933,878,556,212,344,1328,747,581,1314,741,573,154,126,28,54,41,13,3,3,0,1103,571,532,14,6,8,6,2,4,0,0,0,0,0,0,8,4,4,14,6,8,6,2,4,0,0,0,0,0,0,8,4,4,0,0,0,0,0,0,0,0,0,0,0,0,0,0,0,1039,398,641
29,569,0092,608910,0000,000000,KARNATAKA,Udupi,VILLAGE,Eedu,Rural,1063,5176,2458,2718,514,267,247,514,241,273,133,68,65,3945,1943,2002,1231,515,716,2900,1584,1316,2838,1569,1269,232,200,32,253,171,82,20,19,1,2333,1179,1154,62,15,47,5,2,3,24,5,19,1,0,1,32,8,24,55,12,43,4,1,3,22,3,19,1,0,1,28,8,20,7,3,4,1,1,0,2,2,0,0,0,0,4,0,4,2276,874,1402
29,569,0092,608911,0000,000000,KARNATAKA,Udupi,VILLAGE,Nallur,Rural,1262,5829,2755,3074,525,264,261,775,393,382,96,40,56,4433,2220,2213,1396,535,861,3188,1782,1406,2726,1623,1103,343,256,87,182,129,53,4,4,0,2197,1234,963,462,159,303,62,13,49,82,24,58,1,1,0,317,121,196,410,143,267,60,12,48,72,22,50,1,1,0,277,108,169,52,16,36,2,1,1,10,2,8,0,0,0,40,13,27,2641,973,1668
29,569,0092,608912,0000,000000,KARNATAKA,Udupi,VILLAGE,Renjala,Rural,583,2832,1342,1490,235,109,126,540,263,277,107,55,52,2125,1081,1044,707,261,446,1640,925,715,1588,901,687,346,223,123,154,100,54,0,0,0,1088,578,510,52,24,28,8,4,4,19,8,11,0,0,0,25,12,13,33,16,17,3,2,1,15,7,8,0,0,0,15,7,8,19,8,11,5,2,3,4,1,3,0,0,0,10,5,5,1192,417,775
29,569,0092,608913,0000,000000,KARNATAKA,Udupi,VILLAGE,Irvathuru,Rural,549,2518,1160,1358,195,103,92,398,204,194,22,13,9,1919,930,989,599,230,369,1426,723,703,1422,721,701,256,165,91,147,81,66,0,0,0,1019,475,544,4,2,2,0,0,0,2,1,1,0,0,0,2,1,1,4,2,2,0,0,0,2,1,1,0,0,0,2,1,1,0,0,0,0,0,0,0,0,0,0,0,0,0,0,0,1092,437,655
29,569,0092,608914,0000,000000,KARNATAKA,Udupi,TOWN,Sanoor (CT),Urban,1482,6881,3283,3598,586,295,291,619,311,308,141,71,70,5724,2805,2919,1157,478,679,3229,1899,1330,3058,1771,1287,207,154,53,52,31,21,14,12,2,2785,1574,1211,171,128,43,37,28,9,21,9,12,1,1,0,112,90,22,136,103,33,31,25,6,21,9,12,0,0,0,84,69,15,35,25,10,6,3,3,0,0,0,1,1,0,28,21,7,3652,1384,2268
